,content,time,title,url
0,想学习跨界知识，掌握编程思维？开智学堂编程思维 Python 基础班即将开课，点击文末「阅读原文」即刻预约课程。每本书都是包装精美的礼物。漂亮的丝带下是华丽的包装纸，包装纸下是精美的礼盒，礼盒中还有各种填充物……而真正的礼物还藏在层层装饰的下面。读书就是打开包装寻找礼物的过程。《如何阅读一本书》初版于 1940 年，畅销至今。它所讲述的，正是如何剥开阅读迷雾，寻找作者真实意图的方法。不懂阅读的人，初探阅读的人，读这本书可以少走冤枉路；对阅读有所体会的人，读这本书亦会有有更深的印证和领悟。如果你把阅读当作一件比较严肃的事情，希望能从阅读中获得些什么，那这本书绝对不应该错过。好书太多，时间有限，让我们好好地读书吧！1.为什么要阅读？阅读可能有很多目的：打发时间、获得资讯、学习知识、解决问题……作者将阅读的目标分为两种：为获得资讯而读，以及为求得理解而读。阅读是一种自我发现型的学习，越是主动的阅读，效果越好。阅读其实需要很多方面的能力：敏锐观察、记忆、想象、分析、省思……需要通过不停地自问、自答来提升理解能力。很多时候，我们进行阅读的目的可能并不明确，并没有意识到「太多的资讯就如同太少的资讯，都是一种对理解力的阻碍」，没有意识到「知识不等于理解」。从阅读的结果来看，往往也就是「知道」了一些以前不知道的「知识」，但是对自己的阅读、理解、思考能力并没有什么提升作用。作者在整本书中，希望传递给读者的都是「阅读增进理解和心智」这样一种观念，介绍的也是怀有这样目的的读者应该掌握的方法。2.什么是主动的阅读？主动阅读的四个基本问题：这本书的主题是什么，在谈些什么？作者的主要想法、声明、论点是什么？这本书说得有道理吗？哪部分有道理？与我何干？主动的阅读应该像是与作者的对话。知其然–知其所以然–知道可以解决什么问题，如何运用。最佳的检验方法：用自己的话表达，举自己所经历的经验。3.阅读的层次和特点A. 基础阅读：看懂字面意思B. 检视阅读：系统化略读，了解这本书的结构，归类，决定是否值得阅读。看书名-序目录-索引-出版介绍-选看一些篇章-随便翻翻C. 分析阅读：完整、系统的阅读，目的在于寻求理解和心智的提升第一阶段，掌握大纲-架构性-骨（找出一本书在谈什么）：分类，依照书的种类与主题来分类摘要，最简要地概括整本书的内容纲要，篇章如何按顺序组成整体架构问题，找出作者想要解决的问题第二阶段，诠释意图-诠释性-肉（知道这本书详细内容是什么）：单字，诠释作者使用的关键字，与作者达成共识句子，从最重要的句子中找出主旨论述，通过作者的论述重新架构这些论述的前因后果，以明白作者的主张解答，确定作者解决了哪些问题第三阶段，评论-评论性-筋智慧礼节的一般规则先完整地了解一本书，不要轻易批评不要争强好辩或盲目反对要为自己不同的意见找到理论基础，区别出真正的知识与个人观点的不同批评观点的特别标准证明作者的知识不足证明作者的知识错误证明作者不合逻辑证明作者的分析与理由是不完整的D. 主题阅读：在某个主题范围内的比较阅读首先进行检视阅读，了解是否对要研究的主题有帮助找到相关章节，对需要解决的问题、主题有何帮助带引作者达成共识（自己建立共识），将共通词汇加诸许多作者身上厘清问题，建立主旨，列出问题界定议题，将争议的前后关系整理清楚分析和讨论主题阅读需要读者非常主动，组织一次虚拟的相关领域书籍作者的对话讨论。4.不同的书怎么读？实用型的书分为两类：一是说明规则的（how），二是阐述形成规则的原理（why）。想象文学想象文学创造经验，教导衍生意义，是在阐述一个经验本身，在读者心中重塑/重现某种经验/经历。目标不在于传达知识和观点，而以达成某种深沉经验为目标。（人的知识是有限性的，所以会看一些实用型、知识性的书；同样人的经历是有限的，所以看一些文学作品，丰富自己的经验）架构规则：分类，从情节中归纳大意和故事梗概诠释规则：熟悉角色和相关要素，想象场景，身临其境，跟随情节发展先投入，再评论故事、戏剧、诗要去感受与体验。故事：快读，全心全意地读小说：能满足潜意识或意识中许多需要，可分享洞察力，却不需要分享苦难遭遇戏剧：自己提供演出悲剧：精髓在时间，或是缺乏时间抒情诗：一口气读完，大声重读历史书读历史最重要的是知道作者解释事件发生原因及行为动机的模式，以及他的理论/哲学。读历史不是为了还原史实，而是知道著作/史学家通过对这段历史的描述，如何影响后人。要多读不同的书。不但要关心过去，更要读懂普适（过去-现在-未来）性，人们行动的原因。科学与数学要解决的问题是什么？科学的客观不在于没有最初的偏见，而在于坦白承认。哲学科学-描述事物本质；哲学-解说事物本质，询问的不只是现象间的联系，而是最终原因与条件。哲学问题的最大特色：每个人必须为自己回答。哲学来自怀疑，阅读时最重要是要发现问题。提问题时有孩子气的单纯，而回答时却成熟而睿智。2 个哲学领域：存在与变化。属于理论/思辨型，主要探讨存在-形而上、变化-自然哲学、知识-认知论善与恶，好与坏。属于实用型、规范，主要探讨善恶标准-伦理学、行为-政治学哲学作品的风格：对话，论文/散文，面对异议，系统化，格言。社会科学易处：熟悉，容易投入并且有自己的见解；难处：不能数学化，要说明用语较困难。混杂，非纯粹的论说性。最后让我用作者的结尾来作为这篇文章的结尾吧：好的阅读，也就是主动的阅读，不只是对阅读本身有用，也不只是对我们的工作或事业有帮助，更能帮助我们的心智保持活力与成长。■——- 预约编程思维基础班 -——编程从新手到专家自主网络数据抓取养成良好提问习惯自主开发编程项目  戳原文，预约学编程！,2017-07-20,《如何阅读一本书》：获取知识的阅读法,http://chuansong.me/n/1991772649218
1,想学习跨界知识，掌握编程思维？开智学堂编程思维 Python 基础班即将开课，点击文末「阅读原文」即刻预约课程。我们已知大脑遵循「用进废退」的原则，种种迹象和研究也都表明：大脑具有终身可塑性。那么我们应该如何改造它？如何利用数字时代信息丰富、刺激多元、节奏快速、任务并行的特点来扩大我们的认知能力呢？唐·泰普斯科特提出了一个很好的思路——刻意设计你的大脑。近来关于大脑可塑性和认知负荷危害的研究表明，人类认知最强大的特点是它可以被设计。具体来说就是：只要遵循一些原则，我们可以设计自己的大脑。不同于获取知识，这种设计关乎于在数字时代里我们如何思考、记忆以及交流。主流观点中对于这种设计带来的结果多少有些偏颇。不过，与其预测一个充满未知与不安的未来，不如亲自动手去创造一个不一样的世界。认知神经科学的新发现为此带来了希望。我们知道大脑是可塑的，可以根据使用情况而改变。一项著名的研究发现，伦敦出租车司机大脑中形成记忆的某个区域比那些年龄相仿的非出租车司机更大，但在伦敦的公共汽车司机身上并未发现同样的变化。因此研究者得出了一个结论：因为伦敦出租车司机要求记住大量的伦敦街道，所以导致了他们大脑中海马结构的变化。该研究结果支持这样一种观点：即使是成年人，持续、集中地使用大脑中的某个区域也可以扩大其大小，增加其容量。而且，不仅刻意使用可以改变成年人大脑区域的结构和功能，临时训练，甚至仅仅是心理预演也可以起到相同的作用。一系列的研究表明，暂时被蒙住眼睛可以改善触觉，而在五天后（每天盲眼超过一个小时），大脑扫描显示，参与者大脑皮层中关于听觉和触觉部分的反应明显加强。种种迹象和研究都表明：大脑具有终身可塑性。既然大脑遵循「用进废退」的原则，那么我们是否可以通过加强使用来改造它？为什么不利用数字时代信息丰富、刺激多元、节奏快速、任务并行的特点来扩大我们的认知能力呢？青少年心理健康专家斯坦·库奇（Stan Kutcher）博士研究了数字技术发展对大脑发育的影响之后表示：「有新的证据表明，随着网络成长起来的年青一代的大脑发育突破了过去传统脑容量限制。」当一个成绩优秀的学生做作业同时还可以在网上做其他五件毫不相干的事情时，这反映了她具有更强的工作记忆和更好的任务切换能力，而不是真正在做多任务工作。我无法同时阅读电子邮件和收听 iTunes，但她可以，说明她的大脑已经习惯于应付数字时代的要求。我们怎样才能用设计思维来改变我们的思维方式呢？好的设计通常从一些原则和功能目标开始。你可能希望能够更有效地去吸收信息，希望可以更好地集中注意力、记忆，推理，写作，演讲、交流和具有创造性，以及建立更有效的合作和拥有更佳的人际关系。你应该如何借助（或不借助）媒介来达成这些目标呢？诸如速记这样的老式课程可以提高你信息输入的能力且不影响你的理解能力。这些方法在伊夫琳·伍德（Evelyn Wood）的时代很有效，在当下的作用则更大了，因为自那开始，我们已经学到了更多关于如何有效阅读的知识。当你感到心烦气躁时，可以尝试一下每天读几篇完整的文章而不仅仅是标题和摘要，这样可以加强你的注意力。当你想成为一名外科医生时，在没有条件的情况下，你可以尝试在地铁站之类的地方脑内预演或者玩相关的游戏。预演可以使运动皮层的锻炼效果获得和实际物理运动一样的效果。在某一个研究中，一组实验对象被要求在钢琴上做一些简单的练习，而另一组被要求在大脑中进行同样的预演。实验结果显示，两组实验对象的运动皮层都发生了变化，在脑中预演的那组和实际弹奏的那组的运动皮层变化一样大。担心自己的记忆力吗？这取决于你想要在多大程度上采用爱因斯坦的记忆定律。当有人问他为什么会去翻通信录査找自己的号码时，他说他只会去记那些他没法查到的东西。现如今，我们有太多东西需要记住了。从人类诞生伊始到 2003 年，产生的信息也不过 5 EB（1 EB = 10亿 GB）之多。但现在，我们每两天就能产生这么多的信息！可能过不了多久，几分钟就可以产生 5 EB 的信息了。人类的记忆力是有限的，你能区分出哪些信息是真正需要记忆的吗？你想增强工作记忆和任务切换的能力吗？尝试向年轻人学习吧。孩子们在一些事情上具有绝对权威的情况，在历史上这还是第一次，而且他们中有些人甚至已经成为了新思维范式的先驱。大量研究表明，人们可以通过把记忆练习融入日常生活中等简单的生活方式改变来提高认知能力和大脑效率。但为什么中学和大学教育不教孩子如何去设计他们的思维呢？我们教了如何保持身体健康，却没有教给他们如何保持大脑健康；我们向孩子们灌输知识然后测试他们的记忆力，但是为什么没有教给他们如何拥有更好的大脑呢？懂得如何设计我们的大脑意义重大，届时，「我喜欢她思考问题的方式」很可能会有一层截然不同的含义。■作者：Don Tapscott原题：Designing Your Mind出处：https://www.edge.org/response-detail/10586翻译：李亮编辑：李亮——- 预约编程思维基础班 -——编程从新手到专家自主网络数据抓取养成良好提问习惯自主开发编程项目  戳原文，预约学编程！,2017-07-20,为了更好适应数字时代，你需要刻意设计自己的大脑,http://chuansong.me/n/1991772749223
2,你有过被逼着改变的经历吗？它给你带来了怎样的变化？,2017-07-20,演化天性让你衣食无忧后喜欢歇着，但现实不允许,http://chuansong.me/n/1991772849222
3,想学习跨界知识，掌握编程思维？开智学堂编程思维 Python 基础班即将开课，点击文末「阅读原文」即刻预约课程。最聪明的人大多善于学习，明辨是非，处于公司高层，可一旦出现差错，为何往往推卸责任、逃避学习？这是个人选择问题，还是组织制度问题？且看行动科学大师阿吉里斯（Chris Argyris）如何分析！大师谈行动科学01：可以说说，行动科学能解决什么问题吗？说起这个，我想起了一段经历。有一次，我应邀参加某个公司晚宴。三个月前，这个公司的高层为降低成问题制定了改进措施，现在改进措施全部成功实现。高层们十分高兴，于是举行了这场晚宴。晚宴中，我问高层：「你们还记得三个月前列出的问题清单吗？」高层回答：「当然记得。」我问：「那么，你们知道公司存在浪费问题多久了？」高层回答：「一到三年吧！这是一个普遍的问题。」我问：「既然早就存在浪费问题，那么为什么三个月之前不采取行动？是什么在阻碍着你们的行动？」高层说：「等一下，你在开玩笑吗！你是认真地在问这个问题吗？」我说：「我没有开玩笑，我是认真的！既然你们知道这些浪费问题很久了，是什么阻碍着你们纠正问题？」高层说：「这个事情并非你想的那么简单，（转向其高层）你确实想让我们回答这个问题吗？它可能会破坏晚宴的气氛。」你看，这位高层显然在找借口回避问题，因为在这位高层看来，公司的成本问题与他无关。虽然他知道问题的原因，却又不想回答，不愿意得罪高层，也不愿意揭露其他人的问题，更不愿意向外人承认公司过去存在管理失误。到底是什么原因导致了这种行为？行动科学试图解决这一类的问题。02：这种问题在组织中是否普遍？当时有办法解决吗？十分普遍。诿过于他人、转移话题、借口逃离、延迟解决等问题在大企业中比比皆是，我后来极其统称为习惯性防卫（defensive routines）。习惯性防卫一旦在组织中出现，就会产出熟练的无能（skilled incompetent），从而严重地阻碍组织的学习与创新发现。同时我还发现，即使是那些被认为是最聪明的人，也会犯这种错误，即使发现了问题也视而不见，躲避责任，躲避学习。他们出现习惯性防卫和熟练的无能的症状更严重。补充一下，这里所指的聪明人是现代公司中高等教育背景、占据关键职位、大权在握、肩负重任的专业人士。是什么原因让这些聪明人出现了这些问题？我和同事唐纳德.舍恩（Donald A. Schon）一起展开了研究，忽然才意识到，现存的管理理论虽五花八门，但可切实可行的却几乎没有。于是，我们决定再也不像以往那样做纯学术的研究了，而是要去实实在在地去研究可行动的知识（actionable knowledge），就形成了行动科学（action science）。03：「习惯性防卫」和「熟练的无能」的形成原因什么？经过了不断调查，我们发现，习惯性防卫是来自组织成员单向地保护自己和组织成员免受伤害或尴尬而建立的一种防卫机制，这种防卫机制是可让组织成员在不知如何探询组织「既存现况」下灵活应对。同时，在习惯性防卫的机制下，组织成员逐渐形成一种能绕过或避开尴尬处境的技巧，而这种技巧的熟练，我们在行动科学称之为「熟练的无能」，因为这种熟练的行为是为了避开探询问题的根源，而令问题不能被解决，也同时加深了组织的「习惯性防卫」，最终令避开尴尬成为了一种毫不费力、无意识的熟练行为。04：那么，传统方法是如何应对习惯性防卫和熟练的无能的呢？举个例子吧，我们都知道组织中的「指责」现象。高层虽然并不主张指责下属，认为自己是在指导员工，但下属可能会觉得这种「指导」实际上就是指责；员工因为不想被指责，而进行掩饰，使问题得不到修正，最终引来更多问题或犯错。而主管则会认为，下属必须加强「指导」的力度，下属则会认为自己更被指责。他们同时单向地界定了对方的意图（下属是刻意犯错，上司是刻意指责），但却没有为这种想法进行彼此的了解，因为这会可能带来尴尬与威胁，因此，双方不断「私下证实」对方的意图，导致双方最终真的变成了对方所认定的那种人(主管是指责者，下属是犯错者)。以上的这种单向自圆其说且自我实现的行为模式，我们称之为 Model I 行为模式。05：行动科学又是如何应对习惯性防卫和熟练的无能的呢？后来，我们提出了一套新的行为模式来解决以上问题，称之为 Model II 行为模式Model II 的行为模式主要有三个原则：1) 有效信息的传递；2) 在信息充份情况下作自由选择；3 ) 由自由选择而产生的内在承诺。所以，以上「指责」现象的解决方法可如此应用：1）用翔实的数据向下属说明的确存在过失；2）引导下属列出解决方案；3）让下属自由作出选择。06：行动科学是否与其他社会科学产生了哪些分歧，你的意见是？分歧当然是有的，我的最反对的是「科学的首要目的是尽可能准确地描述真相」。主流科学家专注于描述世界的存在而不是去改变它，可是如果不去改变它，怎么知道它的防御策略呢？缺乏这个，描述还真实吗？所以我认为，了解世界的最好办法就是去改变它。这个道理适用于任何个人实践。07：行为科学理论是否也被应用到了其他领域，可以为大家介绍一下吗？是的，行为科学是关于「探究与介入的概念、方法和技能」的方法论，糅合了组织学习、心理学、社会学等知识，所以可应用到多个领域，具体的应用例子有：1987 年，彼得・布洛克将行动科学的前身「严谨研究的内在矛盾」应用出版《完美咨询》，为咨询行业从业者提供完整的方法。1990年，彼得·圣吉（Peter M. Senge）将「学习型组织」的概念应用并出版《第五项修炼》，指导企业建立学习型组织，保持可持续的竞争优势。1999 年，哈佛谈判小组将「破除习惯性防卫的 Model II」 应用并出版《高难度谈话》，指导人们谈判、沟通和解决公共关系危机等。■——- 预约编程思维基础班 -——编程从新手到专家自主网络数据抓取养成良好提问习惯自主开发编程项目  戳原文，预约学编程！,2017-07-19,行动科学创始人：为何连最聪明的人也会逃避学习？,http://chuansong.me/n/1988636449023
4,想学习跨界知识，掌握编程思维？开智学堂编程思维 Python 基础班即将开课，点击文末「阅读原文」即刻预约课程。当你看到一个有钱人从豪车里出来的时候，你可能会羡慕不已，暗想：「如果我也有这么一辆车就好了，那我一定会非常幸福。」然而，这只是你的错觉。你在电视上看到一个极具诱惑力的厨具广告，看完之后一个想法不断在脑海里徘徊：「如果我也买这么一套厨具，那我做出来的饭菜一定会更加可口。」然而，这还是你的错觉。这种当你过于关注事物的某一方面而导致对其预测错误或评估失准的现象，心理学上称其为「聚焦错觉（The Focusing Illusion）」。在我们的生活当中还有更多「聚焦错觉」例子：教育&收入教育程度高 = 收入高？错，教育程度并没有大多数人想的那么重要。研究表明，如果每个人教育水平都相同，那么只有不到 10% 的人会因此而提高收入。事实上，那些只关注教育的人忽略了其他更多的因素，比如市场、经济、政策、供需关系……而且观察同等教育水平的人，我们会发现他们的收入也存在极大差异。收入&幸福收入高 = 更幸福？错，这其实也是一个「聚焦错觉」。人们通常认为收入水平是决定人们生活满意度的重要因素，然而这也是一个「聚焦错觉」。如果所有人的收入都一样的话，那么因此而提高生活满意度的人也不过是人群的 5% 而已。「聚焦错觉」不仅出现在生活的方方面面，一些熟知这中现象的人还会刻意使用它：商家&生活参数决定了机器的好坏，但对你的生活又有多少影响呢？「聚焦错觉」经常被商家所利用。比如一些厂商会不断宣传他们的低功耗，而另一些厂商则不断宣传他们的芯片配置，他们使用对比、比喻、场景化等等一切手段让你相信：处理速率提高 10% 对你享受生活非常重要。当你按照商家给定的聚焦点去思考的时候，也就陷入了商家设置的「聚焦错觉」。当然，这个效应的作用效果，还和他们持续吸引注意力的程度以及直接程度有关：显然，比起散热和功耗而言，人们更容易对音质和画质产生聚焦错觉。舆论&你你平时在社交媒体上看到的事情，真的和你有关吗？舆论操控者也深谙「聚焦错觉」的精髓，他们引导人们放大对焦点事件的关注和其重要性。人们「被认为」明星的一举一动和自己息息相关，或者知道某件事情的发生可以让你瞬间卓然不群。当然，这些事情一定会带来某些变化，比如给你带来一些谈资，让你可以一时吸引身边人的注意力，但这些带来的变化绝对比你聚焦时以为的变化要小，而且要小的多。结语下次，当你为了某个明星事件或者媒体报道激动不已时，不妨先去思考一下，你是否受到了「聚焦错觉」的影响，这件事情真的和你有关吗？■——- 预约编程思维基础班 -——编程从新手到专家自主网络数据抓取养成良好提问习惯自主开发编程项目  戳原文，预约学编程！,2017-07-19,聚焦错觉：你生活中很多错误都源自于此,http://chuansong.me/n/1988636549018
5,在你成长的过程中，有哪些「被迫」掌握的技能对你的人生产生了巨大的影响？,2017-07-19,不要矫情，生命是短暂的,http://chuansong.me/n/1988636649011
6,叔本华说：坏书是灵魂的毒药，读得越少越好，而好书则多多益善。一般人通常只读最新的出版物，而不读各个时代最杰出的作品，所以作家也就拘囿在流行思潮的小范围中，时代也就在自己的泥泞中越陷越深了。不读坏书，是读好书的一个条件：因为人生短促，时间和精力都是有限的。阳志平老师的这篇读书十二问，让你更懂读书。我推崇的读书方法叫做「冷读热读」，是一种大众时代的小众读书法。我之前的文章「读书八字诀」、「读书九问」与「读书与心智」，已经详细介绍。这种方法，最重要的是生成自己的知识体系。半学修心半读书。今天更多谈谈读书的常见误区。大家可以先思考三个问题：你是否不看任何人推荐的书单或推荐图书？你是否写过上千张读书卡片？如果没有任何人给你反馈，你如何判断一本书的好坏？以及坚持读写？Part1. 如何建立自己的知识体系？生成大于管理。知识管理不重要，重要的是掌握生成任意一个领域知识体系的能力。Q1：为什么要读难书？答：你可以把书分为坏书、可用的书、力作、杰作与神作五类。时人读书多读可用之书与力作，而少读杰作，更不要说神作了。多数畅销书都是可用之书或力作，阅读此类读物，往往在你的舒适区以内。但是，对于一个时代的杰作与神作来说，它往往是反常识的，超出了你当下的阅读舒适区，甚至整个时代的认知边界。比如网络科学领域，你容易理解「弱联系」，但是你不容易理解「三元组」、「结构洞」；你容易秒懂 KOL （程度中心性高的人），但是你不容易理解八卦传播者（亲近中心性高的人）、跨界者（居间中心性高的人）与灰衣主教（特征向量中心性高的人）。认知科学领域，你容易理解「刻意练习」或「具身认知」，但是你并不容易理解「贝叶斯认知」。再举个例子，在儿童心理学中，你容易理解「延迟满足」，但是你并不容易理解 「一阶意向性」与「二阶意向性」。这些概念你在阅读舒适区中很难碰到，实质上却深深影响着你看世界的视角，因为它们是最源头的高阶模型。什么样的模型能称之为高阶模型？一者是支撑一个新学科诞生的术语体系，如「隐喻」之于认知语言学；一者是一个学科发展成熟，目前公认的巅峰之作，如「大五人格模型」之于人格心理学；一者是学科范式转型的承上启下之作，如「工作记忆」之于认知科学；一者是连接不同学科的桥梁，如「有限理性」之于认知心理学与行为经济学。一般来说，一个时代最重要的高阶模型数量在两千到两万个之间。芒格曾经整理了 200 多个高阶模型，你消化 100 个，多数时候可以理性地过完一生。Q2：如何提高生成知识体系的效率？问：大多数人阅读时是刚开始没有体系，只是遇到问题后才会去搜索，然后找到了许多书单，由于没有自己的判断标准，只能一本本摸索着读，读了后，才知道适不适合。经常重复这个过程。如何提高生成自己知识体系的效率？答：你需要从最源头的入手，向历史学家学习，整理各个领域的知识谱系图。 人类往往高估一个时代牛人的数量，站在  100-1000-10000 年尺度，能够被历史记住的牛人超出你想象的少。拿阳明心学举例，你会发现，当代推崇阳明的是杜维明；近代是梁启超；再往上是刘宗周。问题来了，刘宗周早年不喜阳明之学，为什么？阳明又不喜朱子，为什么？朱子又是从哪里来的？层层递推，你会发现，读懂儒家阳明心学脉络，孔孟——朱熹——王阳明——刘宗周——梁启超——杜维明，这条线一路下来。反之，如果你总是依赖别人推荐的书单或图书，没有养成独立思考习惯，那么，你建立的知识体系极有可能是碎片的、不完整的与易备摧残。所谓「听君一席言，胜读十年书」，往往说的就是此类情况，因为你读的书太零碎啦！你建立的知识体系好比空中楼阁，海市蜃楼，风中浮萍。稍有风吹草动，就会被更好的知识体系摧残得一塌糊涂。一般来说，学习任意一个领域，你可以一上来就思考怎样写一本这个领域的书。因为抽象知识的最佳结构是树形结构，同时兼容广度与深度。书最符合知识的树形结构，通过写书输出倒逼输入来掌握知识框架。一旦你习惯了无需依赖任何人开的书单，任何人推荐的图书，借助第三方客观数据或师法历史与大自然，在一个领域建立自己知识体系的能力，那么，你未来就更容易在更多领域建立自己的知识体系。Q3：怎样理解「鲜活证据」？答：什么是鲜活证据？鲜活证据是指那些你不知道或者整个社会不知道的证据，它往往是「反常识」的。一旦说出来后，能给你或者同时代的人留下鲜活印象。比如地球是圆的，这是现代人都知道的常识，但远古人不知道。假如你穿越回古代，你用鲜活证据表明地球是圆的，那你就跨越了古人的认知边界。高阶模型往往带来了高层次的鲜活证据，扩展你的认知边界，就好比用一个小小的实验向古人证明地球是圆的。一个学科的创始人为什么能建立一个新学科，正是因为他们掌握了大量鲜活证据，证明了一个与众不同的知识体系。反之，大脑爱自我辩护。一般人阅读，更习惯在舒适区工作，以及去寻找那些能证明自己的观点。虽然今天是一个强科学主义时代，但不少人缺的依然是「科学思维」，太民科太民哲太鸡血是通病。所谓「科学思维」，是指你掌握了「定义-假设-质疑」的系列方法论。撰写「术语卡」，思考每个高阶模型是如何定义的，内置了什么假设，其他学者是如何质疑它的，这是生成知识体系的第一步。Part2. 如何选书？源头大于碎片。信息汪洋，你需要站在时间源头，看潺潺溪流，肆意大海。Q4：新人如何选书？问：新人如何选书？看不进书的原因是并不知道它的理论是对是错，而且真正用的时候又感觉用不上。目前出书成本太低，很多人都在出版书。如果单为了提升自己出书，他的书籍价值度比较窄。我如果信任这个人，读了会有帮助，但其他人的书就可能产生负面的影响。答：依赖他人，并不是好的学习习惯。这样很难形成自己的知识体系。你要给大脑建立搜索引擎，掌握一套从源头到最新知识的独立判断方法。它可以不依赖任何在世的人。新人选书可以从以下两点入手，提高自己生成知识体系的能力：建立阅读分级系统：大脑习惯将不同的书当作一回事，其实不然。比如你可以按照智慧程度分为五类：坏书、可用的书、力作、杰作与神作；也可以按照图书性质分为：偏理论观点的、偏证据素材的、偏数学推演的、偏实验结论的；还可以简化为非虚构-虚构两类。一般来说，在阅读非虚构著作时，你需要找一个类似 H指数的客观指标来帮助自己判定图书质量。主题学习：刚开始进入一个新的知识领域时，不带偏好，买下这个领域的二十本以上的书。看目录，好书与好书会相互竞争，留下来的就是要精读的书。Q5：买一堆书，是要买全吗？答：买多少不重要，重要是避免受到他人误导，错过生发内在动机的机会。比如，我要研究王阳明，我会找到所有王阳明的书，按年代排序，一目了然。《传习录》在国内有数十个版本，但这么比较下来，复旦大学吴震老师的版本更好。接下来，买来吴震老师的所有著作。这个过程是我独立完成的，不依赖任何第三方的书评书单。循环往复，你的阅读品味就会慢慢提升，同时还非常有助保护你的内在动机。Q6：如何发现一个新学科？问：普通人并不具备提炼问题的能力，比如产品经理，在设计产品时，他并不知道会用到「故事」，更不知道「故事」早就是叙事学中非常严肃的主题，如何跨越这个鸿沟？答：的确，这是个很好玩的问题，我连这个学科的存在都不知道，我如何去建构这个学科的知识体系？这就是五大元学科的威力。你可以用二八原则来理解学科。每个时代，有 20% 的学科会诞生 80% 的知识体系；而这 20% 的学科中，又有几个学科格外重要。所谓元学科，学科的学科。为了让大脑更好记忆，你可以将每个时代的元学科，约束在五个以内，这就是「五大元学科」。对于二十一世纪来说，最重要的是 网络科学、认知-神经-心理科学、计算机科学、数学与诗学。一旦你一上来，学习的是最源头的知识，那么你不用担心会错过一些新学科的诞生。比如，一旦你深入关注认知科学与诗学，这个领域的交集，诞生了一门新学科，叫做「认知诗学」，它的创始人著作中都会引用叙事学的相关经典研究。Part3. 如何精读？有限大于无限。学海非无涯，任意一个领域的核心知识是有限集合而非无限集合。Q7：如何精读？读了记不住，怎么办？答：读了记不住两种可能，一种是你对这些概念不太理解，另一种是你投入的认知资源太少，不懂必要难度理论。我习惯将精读称之为「冷读」。冷读可掌握「正反上下，古今中外」八字诀。比如读书正字诀，重视鲜活证据；反，逆向思考，是否可证伪；上下，在不同的空间维度读书与思考，以提高创意；古今，由今联想到古，从历史变化维度来理解问题；中外，即从地域维度来理解问题。具体参考《读书八字诀：怎样将书读得通透？》你还可以利用我在认知写作学课上介绍过的高阶思维「元反空」来提高阅读质量：元：二阶操作，作者观点背后的观点是什么、书背后的书是什么反：它的反面证据是什么空：跳出系统，其他领域是如何看待的Q8：读完牛人的读书笔记后，还需要读原书吗？答：牛人的读书笔记有参考价值，可以看看但不值得精读。它不足以包括原书那么多的知识。经典著作，往往揭示了大量「反常识」证据（非虚构）或优秀文本（虚构）。不同时代只用到其中一小部分。如孔孟之学，朱熹推崇「义理」，王阳明推崇「致良知」，刘宗周主张「诚意」与「慎独」。这些都是在引用孔孟的不同方面。为什么鼓励大家直接阅读最源头的经典？绝大多数精英学者都是读了成吨一手论文和经典成长起来的。拿「结构洞」概念举例。当你直接阅读罗纳德·伯特（Ronald Burt）的《结构洞》一书，你会发现，伯特已经将这种反常识的概念前因后果讲明白了。如何定义，如何寻找证据来验证，该概念面临什么样的质疑，他如何回应质疑。这些一手信息中包含了大量源头的知识。之后的教材、文章等二手信息，会砍掉这些源头的知识，有时候会阻碍你的理解。大脑会抗拒这些跟你原本知识体系冲突的信息，听听就完事了。足够源头的知识，它会反复在不同书籍中重现。比如，你在一本书中读到了某高阶模型的定义；在一本书中读到了某高阶模型的案例；又在一本书中读到了对它的质疑。大脑善于联想与制造因果关系，慢慢地，大脑就会将它们链接在一起，最终你懂了。每个时代，都有一些关于经典的读物，是为书之书。如《西方正典》以及明年出版，由我主编的《开智正典》。如果你的阅读习惯不够好，一上来阅读经典有难度，此时可以找一些关于书的书来过渡，激发阅读兴趣。Q9：先读哪些？再读哪些？答: 选了一堆经典读物，先读哪一本？后读哪一本呢？建议如下：先读最薄的书。历史上更能流传下来的书都是薄书。为什么？人类大脑的工作原理是能偷懒就偷懒，不该偷懒的时候还要偷懒。比如儒家经典《论语》与《孟子》，《孟子》共 38125 字，全文十一篇，从 2877 字到 6524 字不等。反之，《论语》的总字数为 15900 字，全文二十篇，从 370 字到 1340 字不等。《孟子》的书比《论语》厚，但结果是《论语》比《孟子》传播的更广。先读近一点的书。假设面前两本经典都是五十年前的著作，一本成书于 1910 年；一本成书于 1970 年。那么，就挑离当代近一点的读，先读 1970 年。可以参考阅读桑兵老师主编的《读书法》一书，虽然此书主要谈的是如何培养历史系硕博阅读习惯，收录了众多大儒谈如何读书，但此书的不少观点，可以拓展到其他领域。桑兵老师为此书写的序「大众时代的小众读书法」，讲读书方法讲得很通透。比如读阳明心学，与刘宗周相比，你更容易与钱穆梁启超产生共鸣。先读文笔优美的书。大脑偏好美，美也是一种生产力。先挑选作者文笔优美的书，如果是译本，也尽量挑选一本译笔优美的书。以认知科学为例，平克文笔比斯坦诺维奇好，那么，如果时间有限，只能先读一个人的，就先读平克的。先读历史有定论的书。不要从哗众取宠的作品入手。这些作品因为争议，更容易影响那些知识根基不深的新人。误以为某某学科就是这样了。你一定要先读历史上有公论，能传承文化的那些书，比如进化论读《物种起源》与《自私的基因》。Part4. 如何写读书卡片？输出大于输入。即使在头脑中想象教别人，也能提高学习效率；同时从学到教，意味着从被动到主动，从依赖到独立。Q10：如何写卡片？问：关于必要难度的理论，比如看书六小时后再记读书卡片，具体怎么来操作呢？到时候记不起来了，可以翻阅之前的阅读时候划的标记吗？是否这样重新翻阅的过程反而不利于记忆的再提取？答：六个小时之后写读书卡片，刚开始困难是正常的。刚练习这种方法，可以翻阅以前的标记，但适应后，不建议经常翻阅标记。世界是公平的。你输入容易，提取就会困难；反之，你输入略有难度，未来提取就更容易。另外，认知科学的任意一个推论都是有自身的限定条件。六个小时并不重要，重要的是「必要难度」理论。你需要创设时间的必要难度、地点的必要难度、分散学习的必要难度、测试的必要难度。没必要神话这个时间。否则会出现类似「一万小时定律」的笑话。如果把你的记忆想象成五层结构，当你边听边记，大脑会把很快把你当下听到的扔到更深的第五层。大脑善于自我欺骗，此时，它会给那些记忆碎片下达一个指令：「此知识点，我已经掌握，无需再记忆」。反之，如果你在几个小时后写读书卡片，此时记忆碎片刚刚下降到第二层或第三层，此时，你来使劲回想，就在第二层第三层到第一层之间建立了提取通道；再过一段时间，你又在第四层第五层到第一层之间，再次建立了提取通道。于是，你未来提取就比别人变得容易很多。刚开始的时候，不适应这种方法是正常的，导致常常需要翻阅非常多的原始标记。为了改善这种方法，你可以降低认知负荷：每次输入时，不再以书为单位，而是以章为单位。每次输出时，不再以文章为单位，而是以卡片为单位。大脑爱完形，一旦你以书为阅读单位，那么大脑会觉得「此书我已读过」；反之，你以章为阅读单位，当你读完一章之后，大脑依然会在后台默默工作，去思考这一章之外的其它章节可能会说些什么呢？同样，卡片也是如此，又能降低认知负荷；还能提高信息密度。更具体的参见我的老文：纳博科夫的卡片。Q11：写卡片的注意事项有哪些？答：在开智部落的 issues 上已经提到了术语卡、人名卡、反常识卡、金句卡、行动卡、技巧卡、任意卡。其中重要的是反常识卡、术语卡、人名卡。在撰写这些卡片时，你需要格外注意：时间线索：比如撰写「人名卡」，你需要注意他哪个时代出生的人物，又如撰写「术语卡」，你需要注意这个理论诞生的时间。一旦你意识到多元智能理论是上个世纪八十年代初出现，认知神经科学是上个八九十年代诞生的。基于学科产生的时间，你就不会盲目地去推崇多元智能了。它毕竟是在认知神经科学诞生之前的假设。一手出处：你需要找到最原始的论文或者资料，知道是谁第一个提出这个术语，比如「元认知」、「自主心智」、「心智程序」等是谁提出来的，一旦养成这种习惯，就会增强你的独立思考能力。反常识证据：每个时代的「常识」都是帮助人类降低认知负荷，提高社会运转效率，但是恰恰是这些「常识」也妨碍了你的认知。因此，你需要时不时借助鲜活证据来拓展认知边界。假设你是一名古人，你能明白如何通过当时的一些实验证据来证明地球是圆的，那么你就是一个时代的杰出英才。Q12：知识如何用到工作中？问：越源头的知识体系越感觉难运用到工作、生活中？答：在刚开始的时候，这是正常的。因为源头的知识体系，理解起来会有难度。它往往不在人们学习舒适区以内。所以你需要借助不同类型的阅读材料，从不同侧面来掌握这些源头的知识。以认知偏差为例。芒格用传记与演讲形式讲认知偏差；卡尼曼的《快思慢想》以科普散文形式谈论认知偏差；斯坦诺维奇的《超越智商》则偏学术论文体裁，他的《机器人叛乱》又偏隐喻。一旦你借助不同体裁，从不同角度主题学习认知偏差，当你有一天，突然顿悟了或者产生心流了，那时往往意味着「认知偏差」开始固化为你的既有知识体系。再举个例子。有无数增进人们心智能力的科学概念，普通人最应掌握的是什么？双盲实验。《自私的基因》作者道金斯回答道。他甚至认为，你只需要理解其原则，领悟到为什么有必要这么做，就能感受到其优美。如果每个学校都教学生做，那么会提高五方面认知能力。为什么道金斯说，只要你理解双盲实验的原则，就能改善认知能力呢？因为它可以让你在头脑中进行不同方向的思想实验。人类往往只习惯朝一个方向进行思考。双盲实验却不断提醒你要朝不同方向思考，注重「样本」、「对照组」与「基础概率」，避免「主观偏见」、「随机效应」、「安慰剂效应」等等。一旦养成「双盲实验」的习惯，你可以轻而易举地在头脑中干掉很多「认知偏差」。一旦明白「双盲实验」改善人们认知能力的本质之后，那么，你可以顺着知识体系，引出下一个问题：还有没有其他思想实验，能够改善你的思维品质？这就是另一位认知科学家丹尼特 2013 年出版的新作《直觉泵》（Intuition Pumps and Other Tools for Thinking）。在这本书中，他总结了 77 个思想工具。结束语生成大于管理，掌握生成任意一个领域的知识体系的能力大于知识管理；源头大于碎片，你需要从知识的源头入手；有限大于无限，任意一个领域的核心知识是有限集合而非无限集合，你需要精读那些承载核心知识的杰作与神作；输出大于输入，坚持长时间刻意练习输出，写卡片时注重整理时间线索、一手出处与反常识证据。信息汪洋，泛舟溯流，追寻源头，取一瓢饮酣畅淋漓。祝你成功抵达彼岸。■——— 预约下期认知写作学 ———探奇认知科学，解析美文典范集萃中西文论，教你科学写作  戳原文，预约课程！,2017-07-18,阳志平：读书十二问,http://chuansong.me/n/1987418849009
7,从小白到成为准「黑客」，仅需要半年，她是如何做到的？1）提前刷了 7 本书；2）课前练习了《Learn Python The Hard Way》；3）坚持自主学习；4）正确提问、咨询教练；5）输出作品，取得突破。半年太短，几乎一眨眼的功夫，就从 2016 的尾巴转场到 2017 的开幕。半年太长，长到我们都不能完全做好哪怕一件事。刚刚过去的半年，却成为最让我难忘、也受益颇大的一段时光。我在开智课堂 Python 基础班第三期，完成了从计算机小白到准「黑客」的蜕变。去学 Python 的路上五年前，我因惧怕程序员的辛苦，自断了编程念头。如果像班克斯博士一样习得了七只桶语言和七语思维，那时的我更可能选择另一条职业道路吧。半年前，为了偷懒，不会编程的我，根据廖雪峰的 Python 教程，硬生生地拼凑出一个非常粗糙的网站状态查询程序。这个程序的使用方法是，每天从命令行 CLI 环境中运行程序，输入账号和密码，若返回状态为 200，就表明网站正常。我欢天喜地地用了起来，但不过半个月，就对这个程序之简陋忍无可忍了。当得知了开智课堂 Python 基础班第三期的开班预告后，我做了一些课前准备，刷了（粗粗浏览）多本相关书籍，《信息简史》、《浪潮之巅》、《数学之美》、《程序是怎么跑起来的》、《计算机是怎么跑起来的》、《天才的拓荒者冯诺依曼》、《智能时代》等。人生苦短，我学 Python一个不错的开篇。课程准备周的《 Learn Python The Hard Way 》给了我很大的信心，我预感到自己一定能够顺利完成整个课程，不由发出感慨：「编程一点都不难嘛！」这个不错的开篇很大程度上增加了努力学下去的信心。当时也有担心，就是课程大作业。像大多数理工科同学一样，虽然学过一年的C语言，我却从没有开发过一个可用的作品。现在回想，这也许就是 C 语言学习始终没有产出作品的心理阴影吧。编程新手都会经历自以为是地自主学习阶段吧。像很多编程初学者一样，我也是一个喜欢死磕的人。也许是受传统教育的影响太深，我在课程学习中坚决不看小伙伴们的作业，非要独立思考题目逻辑和实施步骤，阅读官方文档，查找网络资料等。无论课程提示信息如何强调，我都不为所动，坚持着自己的「学习原则」，有时甚至不认真看课程卡包中的提示。当然，我在提交作业以后，还是会逐个阅读小伙伴们的作业，尽量吸纳优点，在后续的学习中整合到个人作业。这样的学习节奏从 chapter0 持续到 chapter5，一直很适用，有时候，我还会为自己摸索出来的一些特别方法而感觉良好。真是好傻好天真！向外寻求帮助总强于被锁死在某一关卡。当课程任务难度再度提升以后，我曾「引以为豪」的独立学习策略开始捉襟见肘了。chapter6 的云端部署和 chapter7 的微信端部署，真是难倒我了。花了大量的时间，多次尝试，我仍搞不明白部署中的若干步骤和操作要点。我不得不多次请教课程教练，他们不厌其烦地为我纠正分析问题的思路，解决问题的方法，一直鼓励着我继续前行。在 chapter7 微信部署问题得不到解决的情况下，我为强迫自己必须做出来，在微信朋友圈发布了 chapter6 的成果，得到多位朋友的鼓励后，我竟然一鼓作气地解决了 chapter7 中始终不能解决的几个关键问题；后来，在紧要关头，咨询请教了同学，他给我最重要的帮助，就是提醒我尽快去发 Issue ，等我终于把 Issue 问题描述清楚后，问题却迎刃而解了（错在单词拼写上）。一入编程深似海。chapter6-chapter7 这个阶段是最痛苦的，感觉每天都是死去活来。有一次，连续两天都没有进展，情绪很低落，但从来都没有想过放弃。调整好情绪后，第二天天一亮，就接着去重新研究探索。我最终发现了一个十分有效的心理暗示法。每次在开始编程前，告诉自己：「这半天一定要把某个具体问题解决掉」。如此进行，最多 2-3 次，这个问题就被解决掉了。每个程序员，都会有调试代码到凌晨的经历吧，我也不例外。身体的辛苦，精神的痛苦，都是免不了的。但是，每次最终完成作业所得到的快乐和成就感，让所有的痛苦都被抵消了，甚至还有富足剩余。输出作品，取得突破我做了一个出乎意料的决定。欢乐也好，忧愁也罢，我总算从 chapter0 ，过关斩将（跌跌撞撞）走到了 chapter7，最终站到课程大作业的面前。为了能够充分巩固初步习得的编程思维和习惯，我做了一个让自己也很惊讶的决定：独自开发一个程序，完成结业大作业。课程教练与课程客服都很担忧我，多次问候、跟踪我的情况。课程大作业开始的太晚了，从 3 月 10 日才正式开始（ 3 月 28 日项目路演），但我既然决定了，就一定要做下去。就这样，我根据教练给我的研发建议，适当调整了自己的项目设计和方向。从扇贝网的学习情况分析转向了班级学习情况汇总程序，开发《 Py103 学习分析》。结业项目是一次难得的锻炼机会。独立完成结业项目，我最大的感想是：一个人做有一个人做的好处，从项目设计、需求分析、文案撰写、原型设计、研发计划、研究代码、路演视频、项目汇报，所有的事情都需要思考、设计和完成。这个完整而艰难的过程让我得到了很好的锻炼。但是，一个人做项目也有明显的遗憾，比如，能力结构不全面，时间紧迫，精力有限，缺少同伴学习的机会等。总之，有得必有失。希望在未来的学习中，能够加入到研发团队中，和小伙伴们一起奋斗，一起前进。终于完成课程的时候，我惊讶的发现：原来，我比想象中走得更远。新的开始，扬帆再出发这个终点成为新的起点。到课程快结束的时候，我们会理所当然地期待好好休息一下，给自己放个假吧。但是，结业项目《 Py103 学习分析》中的一个现象改变了我。课程开始时的 128 名同学，有很多都没有完成 chapter7。我想，开智提供了这么好的思维和资源，却没有被所有同学充分利用，当真让人心疼。于是，我决定做的更多一点。因为，有很多像曾经的我一样小白的同学们也许还在迷茫中，如果我能够陪伴他们一程，也是极幸福的事。所以，我发了一个 Issue—— Py103 互助复习计划。很快就有 50 位同学加入我们，决定继续一起努力，共同打造同侪压力，磨炼自己的 Python 思维，打造自己的 Python 产品。我从课程学到的重要一课是：重点在自己，但功夫在诗外。无论是学习新的课程，还是复习原有课程，无论是教练的跟踪询问，还是同伴创造的同侪压力，都是为了最终获得编程技能，习得黑客思维。对于编程新手来说，闷头自学是必不可少的。然而，课程中的观察（去看看其他同学的作业）、讨论（教练答疑中的交流）、交流（比如项目点评视频交流活动）、提问（比如开智课程的提问模板）、帮助他人（去回复其他同学的 Issue，发起复习计划），才是真正让我更好地学习编程知识，磨炼黑客思维的环节。继续磨砺自己，早日成为真正的黑客吧。以此自勉。■——- Python 基础班第四期即将开始 -——编程从新手到专家自主网络数据抓取养成良好提问习惯自主开发编程项目  戳原文，预约学编程！,2017-07-18,用半年时间从小白蜕变成黑客，她是如何做到的？,http://chuansong.me/n/1987418949022
8,- 2017-07-18 -,2017-07-18,打着「颠覆」旗号的东西，你都要尤其小心,http://chuansong.me/n/1987419049019
9,1我食言了。在上一篇文章《心智学徒B组招生计划》中，我说只招一位学徒。结果计划招两位。一位将在产品/技术上协同我；一位则更多在行政/人事等事情上辅助我。周一早上7点42发出招募公告，在11点18收到了第一封信。直觉告诉我，这位同学就是我要找的。不过如此早早地答应这位同学，对其他还在辛苦准备邮件的同学不公平。一直拖到周三早上7点42，做出最终决定。为什么会决定招募第一位来信的同学呢？当我在开智社群抛出这个话题时，同学们第一反应是「聪明/勤奋」。答案并非如此。开智社群中近200位老师，有150位左右博士毕业，都聪明且勤奋。比如景芳十年如一日，早上四点半左右起床写科幻。然而，聪明也好、勤奋也好，仅是一个维度，所谓「单向度的人」。一个人最迷人的地方却是其矛盾之处。理解一个人，要看其矛盾之处。人的心智层次，并不在于他/她读了多少书，认识多少大牛，有多少财富或声望，而是在于他/她如何看待自身的矛盾。不少来信的同学，迫切地在展示自己的「单向维度」，雄心勃勃，目标明晰，计划严密，前程远大。如果是这样，那么我更应与你签署合伙人/同事而非师徒的心理契约。第一位来信的同学，身上充满了非常多的矛盾。比如最容易被世俗理解的一个矛盾是，做了多年后台程序开发与技术管理，却一直对绘画、写作兴趣满满。在每个矛盾上，我看到的是可能。让一位资深工程师来帮我处理报销等事务，多少有些不合时宜。于是，又挑选了一位有助理经验的同学辅助我。这位同学更像传统的董事长助理。来信的各位同学，或上过我的课，或在线下跟我沟通过，或是我的长期读者，这位同学却是我最不熟悉的一位，以往没有丝毫交集。然而，来信中闪动的那些人性微暗之光，同样令人动容。2一旦碰到中意的人选后，此轮招募自然结束。不得不对其他同学说抱歉。这次收到的简历好得不可思议，多数来自一流公司的骨干。四大国有银行，BAT外加京东美团网易的中层，都凑齐了。有些惭愧，面对大家的信任。最令我感动的是一位来自房地产行业的同学：是稳守着年薪百万的工作，静静等待向年薪两百万以上发展的职业路变迁？还是不留退路，拥抱自己内在动机，勇敢迎向目前尚属陌生的领域？这位同学做了15年建筑，目前在一家房地产公司担任总建筑师，想放弃一切，来做学徒。但这却严重违背了我的「最小成本法则」。于是，今天下午给他打了个电话，劝住他了，期待未来他以更顺其自然的身份加入我的团队，比如担任未来安人心智旗下连锁幼儿园的总建筑师。偏偏这样的同学不是一位两位，以致我无法简单地发邮件来拒绝。比如一位跟我熟悉的，在百度工作的产品经理。她发来邮件：虽然你两次都跟我说，过几年再到做你的助理，现在集中精力解决「人生大事」，我还是想现在就来。我知道，我这个年纪的女性该先稳定下来，找到合适的人，生个孩子，过大多数人眼里的安稳生活，我对此毫不排斥。但我想先站成一棵树的姿势。唯有感谢各位同学的信任。无论如何，相信未来必然会与各位同学发生更深的因果。在此先给大家一些建议：如何设计给自己的教育？3成年人毕业离校后，如何设计给自己的终身教育？我的建议如下：第一，按照一个两年制硕士学位设计。每两年，必须能从一个硕士学位毕业。你可以将自己的每两年职业经历，想象成攻读一个硕士学位。入职三个月想好自己的开题报告，两年内完成硕士毕业论文。社会大学与纯粹学院派不一样的是，不是我要学什么，而是我要创造什么。第二，不上学校开设的学位，而是自我设计。将工作看做这个学位的一部分，甚至挑选最合适自己学习的工作单位。而非反之——像绝大多数人一样，工作与学习是两套各自分割的系统。生活是兴趣驱动，工作是名利驱动。第三，按照一个4*5表格来设计自己的自修。第一列的四个一级科目代表大领域，构成了某个学位的四门必修课。如果你希望自己掌握心理学，那么，学习心理学的四个必修科目是：实验心理学、心理统计与测量、普通心理学、心理学历史。这四个科目构成心理学的必修课，至于教育心理学、人格心理学、社会心理学、心理咨询那些一点都不重要。第二列则在每个一级科目下，再继续深入发展出二级科目，最终构成一个4*5的表格。以心理科学举例，如下所示：一级科目必修，二级科目选修。挑选一级科目，更多遵循传统学术体系，搞明白，心理科学何以成为心理科学，它的历史、核心研究者与核心术语、研究方法论、主要成果是什么？挑选二级科目，则更多遵循兴趣导向，也更多是未来导向。它不太在意已有的知识体系，而在意的是知识与你的联结。因此，在设计二级科目的时候，你可以放弃传统学术分类，而是自行设计。比如，认知科学的四个一级科目是：认知心理学、认知语言学、认知神经科学与计算认知科学。在认知心理学下面的二级科目，你可以挑选四个感兴趣的专题来自修，例如：记忆与学习、决策与判断、社会认知、问题解决。你也可以换一换，改为：认知偏差、心智程序、具身认知、信息模型四个主题作为二级科目。4找到科目后，下一步是搭建自己的自修路径。有三种途径来自修。第一，旁听传统教育。比如，假设北大心理与认知科学学院，魏老师讲授的是认知心理学这门课，那么，就用一学期时间去旁听。这样比自行摸索更节省时间。同样，计算认知科学，世界上最好的专家是MIT的 Josh ，如果你有机会像我的一位朋友一样，成为他的学生，那么就非常节省你的自行摸索时间。第二，参加在线教育。绝大多数人没有机会，成为 Josh 的学生，但是你有机会参加他的在线教育课程。他讲授的《认知科学入门》、《机器学习与认知科学》系列课程都有免费视频在网上公开。同样，他也会开设暑期班，多年下来，这个暑期班沉淀了大量课件与教程，那么直接阅读好了。同样，网络科学，世界上最好的专家是巴拉巴西，他每年会发起 NetSci 大会暨暑期班。那么就参加这暑期班好了，如果没条件参加，就将历年来的暑期班的教学材料给看明白。很多同学会高估进入前沿科学的门槛。并非如此。拿计算社会科学举例，这个学科的从业者极少。所以，只要你拥有基础素质，你要进入这个领域，甚至你主动来发起一届大会，并非难事。多年来，我进入一个新生领域还有个秘笈：翻译这个领域的经典读物。不客气地说，中国最好的认知科学读物都是我引入的。斯坦诺维奇四本《超越智商》、《机器人叛乱》、《决策与理性》与《理性与反省心智》；埃里克森的《刻意练习》；伊瓦拉的《转行》；平克的《风格感觉》；弗林的《智力是什么？》；道伊奇的《重塑大脑，重塑人生》以及平克博士期间的导师科斯林的《上脑下脑》、TED讲者约翰逊的《日常生活的神经科学》。我的阅读品味直接影响认知科学在中国的普及，我对认知科学的学习能不快吗？这就是我在《如何成为内在动机驱使的人？》所说的「意义镀金术」。再举个例子，我一直喜欢历史。计量史学作为一个新兴学科，整个中国，从事这个领域的人不到三十人。这三十人从前几年开始，在经济学家陈志武的组织下，每年暑期相聚在北大，举办相应的暑期班。越早进入这些前沿领域，面对面跟这批人沟通，那么你就越容易占据非常不一样的信息源头。很多同学会高估这些前沿学科的难度，拿计量史学举例，陈志武为了推广自己的学派，提供了不少免费进修名额。第三，商业实践。人们容易将工作与学习看做两个独立的系统。学习就是在工作之前；工作之后就只学工作相关的内容即可。但是，为什么要这样呢？可以反过来，将工作看做学习的一部分。举个例子，我给团队中的一位小姑娘设计她的两年自修计划。她的发展方向是教学设计。其中有个必修科目是「在线教育公司的商业模型」，那么，这个科目，显然传统教育与在线教育都无法满足她的学习需求。那么，此时可以如此设计：1、撰写访谈录。拜访中国10家上市教育公司的教研总监以及10家创业公司的教研总监。2、师友网络。拜访开智社群最懂教育的老师，如安猪、徐毅斐等各位老师，并组建个人的学习网络。3、数据分析。分析新三板、A股、美股上市教育公司的财报。4、定期阅读。订阅Edsurge，定期了解欧美教育科技行业最新进展。如此设计自己的自修计划，通过两年时间，或者掌握一个领域，或者增加一个技能。又数十年如一日，循环往复，最终就容易像德鲁克老年一样，这样来写自己的人生总结。德鲁克每隔三四年我就会选择一个新的领域，六十年如一日持续学习，一生丰盈而有趣。与其说是德鲁克以管理为职业，不如说管理大师是他的终身学习自然诞生的结果。供职的那家报社下午出版。我们早上6点开始工作，下午2：15出版，于是我迫使自己在下午和晚上学习，学习的内容包括国际关系和国际法、社会和法律机构的历史、普通史、金融，等等。就这样，我慢慢构建起自己的知识体系。我现在仍然坚持这个习惯，每隔三四年我就会选择一个新的领域，例如统计学、中世纪史、日本艺术、经济学，等等。三年的学习当然不足以让我掌握一个领域，但足以让我对它有所了解。因此，在60多年的时间里，我不断地学习，每次学习一个领域。这不仅让我掌握了丰富的知识，而且迫使我去了解新的学科、新的途径和新的方法——我研究的每一个领域，它们的假设不同，采用的方法也不同。5那么，在设计自己的自修计划时，有什么注意事项呢？首先，输出为导向。高阶学习者，掌握的是模式，且善于借助两个不同领域的链接来创新。举个例子，假设心理科学有两万个知识点，计算机科学有两万个知识点。那么，初阶学习者的设计方法是怎样的呢？逼你去穷尽这两万个知识点。这是非常低效的学习方法。目前中国200个心理系的心理学本科教育正是如此设计。芒格毫不客气地讽刺这种心理学教育：首先，心理学虽然做过一系列巧妙而重要的实验，让人感受到它的魅力和实用性，但它缺乏学科内的综合应用，特别缺少对心理学倾向综合作用的关注；其次，将心理学和其它学科联合论述，少得可怜。简而言之，心理学比其它学科认为的还要重要与实用；但又比业内人士的自我评价还要糟糕。芒格继续批评心理学：总体来说，学术界仍沿袭诸侯割据，容忍着心理学教授用错误的方式教授心理学；非心理学教授对能在他们学科中起重要作用的心理学效应视而不见，而专业学校在每一届，新生上都小心地保持着对心理学无知的传统，并对不足引以为豪。那么，高阶学习者的习惯是什么呢？拿认知科学、人工智能创始人西蒙举例。西蒙丝毫不懂也不在意心理科学的两万个知识点，要知道，他是政治学博士毕业。他在意的是，从这两万个知识点中，他发现的模式。基于他的独特视角，他找出了不一样的模式，而构成这个不一样的模式的知识点，其实仅需200个足矣。但如果仅仅是发现心理学的新模式，意义不大。西蒙更巧妙的是，同样找到了计算机科学的200个知识点构成的一个新模式。心理科学的两万个知识点，对计算机科学有启发的不过200个知识点左右；而计算机科学对心理科学有启发的知识点，同样也不过200个左右。基于上述考量，那么西蒙得以快速地从一位心理学新手成长为美国心理学终身成就奖得主。这就是第一个注意事项，输入不如输出重要，穷举不如演绎重要，守旧不如创新重要。接下来说一下第二个注意事项。在就读大学期间，我们每个人的学习效率是最高的。在你18岁到22岁的四年时间，你可以用四年时间初步掌握一个专业领域，修过数十个科目。当你毕业后，却自然地放弃了继续学习。多数人一辈子掌握的专业领域，难以超过一两个。别说精通，连入门都达不到。那么，对于你的必修科目，要达到尽量通过本科生考试的水准。就像芒格所说的一样：「不管你喜不喜欢，必须掌握到能通过测试的水平，能常规应用其最基本的内容，尤其是那些比自己所处专业更为基础的学科。」在认知科学中，将其称之为测试效应。人类记忆存在广泛且普遍的元认知错觉，会误将「记住了」当成「学会了」。认知科学家普遍发现，测试不仅是评估，更是记忆本身！多年后，你记忆最深刻的是如何与室友熬夜通过的那个考试，而非大学期间漫长而无聊的聆听老师照本宣科。对于选修科目，则无需如此严格。达到这种标准即可：我认识这个领域中的真正专家，我看过这个领域中的80%的维基百科；当我碰到难题时，我知道如何向那些真正的专家求助。6最后，说说导师的意义。虎平老师的这段话非常精彩：跟着比自己大 10 岁左右的青年人，做一个学徒。单纯读他们的文章和书籍，为什么不够呢？你不容易看出其中的重点，因为其中的内容构造太复杂，你会被各个要点牵扯注意力，你以为每句话都很重要。其实不是。其中有特别重要的，约束着另外一些；有优先级高的，约束着优先级低的，这样一层层的构造，就是复杂的设计。文章、产品，都是平面的、放在眼前的，但你要高手亲自提点，才能一层层明白多层设计的重点。在年轻时，容易对世界上精妙思想「视而不见」。正是因为，你无法剖析层次、厘清重点，导师的意义正在于此。智慧的马奇如是写道：这种现象的一个特例涉及小概率极端事件。小概率事件的出现次数分布是严重倾斜的。例如，重大科学突破。这样的事件，结果极其正面，但是发生机会非常之小。大多数研究者一辈子都不会经历这样的事件。实际上（或者，可能实际上），大多数学习者会低估极其稀有、极其正面事件的发生可能性，进而无意识地规避风险，不能像本来可能的那样复制与重大科学发现相连的行为，例如，高度敬业、积极投入。一个时代的杰出智慧是数量极少的。相对来说，智力分布是正态曲线，一个时代的超级大牛数量有限，上个十年与下个十年，人数都是那么多；但信息聚集不是正态分布，更多类似幂律分布，二八原则，波士顿、纽约、北京这些地方，几乎聚集了一个时代趋势的 80% 的高质量信息来源。而如何利用这些信息不对称，会比利用智力不对称更容易。当你离这些极端值更近，那么带来的是不同层次的跃迁。用安替老师在开智夜谈中的话来说，教育本质上是寻找阶层跃迁的有效杠杆，还有什么比设计一个杠杆，来改变自己命运更好玩的事情呢？—— 那就是与良师益友同行。■  点击阅读原文，来开智坐坐？,2017-07-17,阳志平：给自己的教育,http://chuansong.me/n/1983114949410
10,作为一个热爱学习但长期处于自学状态的学习者，冯睿博深受其苦。没有指导，没有伙伴，自己的作品无处交流，学习得也并不深入。偶然间接触到开智学堂，使得这一切开始转变。这个过程究竟如何？请听一听深度学习基础班优秀学员冯睿博的心声吧。请给大家介绍一下你吧。我叫冯睿博，编程爱好者，现居上海。跟所有工科学生一样，大一接触第一门编程语言—— C 语言。在此之前自己基本没碰过计算机，对于编程语言更是一无所知，但还是不可救药地喜欢上了它。后来有了自己的电脑，开始各种折腾，从安装各种操作系统开始，到在虚拟机里联网玩游戏，还曾经尝试用汇编语言写操作系统代码，在成功把电脑启动之后，自己又开始折腾新东西了。作为业余爱好，自己倒腾过太多东西，但终归不够深入，最后还是按部就班在自己的专业方向找了份工作稳定下来。不过，编程的爱好还是保留了下来，依然会学习新东西，有时候还会根据需要写点小程序，比如写个爬虫抓取喜欢的博客啥的。但总感觉缺点什么。说说你参加开智学堂课程的经历吧。去年偶然间接触到阳志平老师的公众号：心智工具箱（Mindnote），看了几篇文章之后感觉如获至宝，赶紧推荐给几个好朋友。后来知道了开智学堂，对开智倡导的各种学习理念颇为认同，如同侪激励、必要难度理论等，终于明白最佳的学习方法是成为创造者。为了深刻体会这些高阶学习理念，我报名参加了一期数据科学班，感受到了不一样的学习体验。当开智部落一期成立的时候，更是毫不犹豫报名参加。回头看看，这些都是自己去年做出的重要决策。在开智学堂学习中最让你最难忘的是什么呢？参加深度学习班是在开智最难忘的经历。本以为对课程难度已经有了合理预期，知道需要投入足够的时间去完成作业，但没想到课程的知识密度如此之大。预备周刚过，各种陌生的概念就开始狂轰滥炸了，随着课程的不断深入，自己需要投入的时间也越来越多。不仅需要查阅各种资料，更得阅读大量文档及论文，最后还要花费大量时间写代码，调试代码以及运行代码。是的，深度学习项目与其他编程项目最大的区别就是：运行代码也要花费大量时间。最后一周的项目如果想要得到满意的结果，代码的运行时间要以天来计算。你觉得开智学堂的课程和其他地方的课程最大的区别是什么？开智学堂课程的讲师都极为优秀，比如深度学习班的童老师，工业界的经验极为丰富，不管多么复杂的概念，都能够深入浅出讲解明白。班上也不乏优秀的同学，他们也能及时回答其他同学的疑问，分享优质的学习资料。阅读他们的代码也有颇多收获。这些同侪激励最终都转化为我前进的动力。我自己也学过不少网课，比如 Udacity 和 coursera 等，这些平台的课程设计得真心不错，学习的过程也很愉快，不过从认知科学角度来讲，不符合必要难度理论，学习收获没有预期那么大。而开智学堂的课程学习过程虽然痛苦，但的确能够加深理解。比如最近在回顾课程内容时就感叹，似乎也没有那么难嘛，自己当时咋就学得那么费劲呢？你最初是因为什么而报名深度学习课程的呢？报名深度学习班的初衷是为了填上前些年给自己挖的坑。那时候，人工智能还没现在这么火，自己无意中看到 Standford 的 MOOC 平台上有吴恩达老师的机器学习入门课，尝试学习，但学起来相当吃力。虽然对课上展示的几个机器学习项目很感兴趣，可是学习难度太大，最终无奈放弃。现在总算是把这个坑填上一些了。说说你为什么选择担任深度学习二期课程的教练吧。经过三个月的学习，我对深度学习有了一定了解，但同时发现有更多未知的领域想去探索，因此申请担任二期课程的教练，这样就可以继续深入学习。同时，课程中我也踩过很多坑，如果能够帮助别人在学习的过程中少走一点弯路，也是挺开心的。重要的是，我可以因此认识更多有共同志趣的小伙伴。最后，对于即将参与课程的同学，你有什么建议呢？参加深度学习班，需要你热爱学习，善于思考，愿意投入足够的时间来解决问题。如果你敢于接受挑战，喜欢分享，你一定能够如鱼得水，找到学习的快感。提供一点小小建议：课程知识密度极大，最好在课前做好充分准备，认真阅读预习资料，尤其是机器学习入门知识。■——- 学习人工智能 -————- 成为下个时代的创造者 -——掌握深度学习原理搭建神经网络模型熟悉自然语言处理开发智能个人助理  戳原文，马上预约下期！,2017-07-17,自学痛苦且低效，你需要找到自己的队友,http://chuansong.me/n/1983115049418
11,- 2017-07-17 -,2017-07-17,能够产生优秀决策的集体都有这两个重要元素,http://chuansong.me/n/1983115149420
12,有一种现象在我们的生活中随处可见：最富有的 1% 人群拥有 35% 的社会财富；60% 的 twitter 信息由 2% 的用户发送；在医疗系统中，治疗费用最贵的五位病人治疗花费总和占总体的 80%。这些数字让人吃惊，仿佛世界正常秩序崩塌，金钱、信息和资源的完全非线性分布才是世界的本质。事实并非如此。或者更确切地说，它不应该如此。一个世纪以前，意大利经济学家维弗雷多·帕累托（Vilfredo Pareto）对市场经济进行了研究。帕累托发现：无论在哪个国家，最富有的 1/5 人口控制了整个国家大多数的财富。帕累托分布（Pareto distribution）延伸出很多其他概念 —— 80/20 原则、齐夫定律、幕律分布以及「赢者通吃」效应。这些定律的数据曲线走向基本一致：系统中最富有、最活跃或链接数量最多的个体所拥有的财富、活跃度和联系的紧密程度远高于平均水平。而且，这样的模式是递归的。帕累托分布的 20% 之中的 20% 也几乎解释了整体，首要因素的重要性会远超排名第二的因素。比如英语中最常见的「the」，它的出现频率两倍于排名第二的「of」。这种模式非常常见，所以帕累托法则也常常被称为「可预测的不平衡」。然而，哪怕经历了一个世纪的发展，我们依然常常预测失败。我们预测失败的一部分原因来自高斯分布（即正态分布）。在一个典型的钟形分布中（如身高），平均数与中位数相等。从美国女性中随机抽取 100 人，她们的平均身高是 164.4  厘米，而排在第 50 位的女性身高也同样是 164.4 厘米。但是，帕累托分布却符合 80/20 原则，也就是平均数远大于中位数。这就意味着在这样一个整体中，无论如何测量，大多数人都低于平均数。就像以前经济学家讲过的一个笑话 —— 比尔·盖茨走进一家酒吧，瞬问将里面所有人都变成了百万富翁，当然这指的是平均值。帕累托分布适用于各种复杂的系统中：比如在所有英语词汇中，「the」和「of」就占据了 10%；历史上股市波动最大的一天造成的动荡是排名第 10 的波动日的两倍；网络相册的标签频次也遵循帕累托分布；地震的震级、书籍的畅销度、小行星的大小以及朋友间的亲密程度都是如此。当你按照帕累托法则去思考的时候，你会发现：我们不能再将家庭平均收入与收入中位数混为一谈，也不能认为忠实用户和一般用户在使用社交网络时做着同样的事，那些性格外向的人并非只比一般人活跃一点点……在发现帕累托分布 100 年后的今天，我们应该能对这种不平衡的模型进行预测，看到其真正的影响。■作者：Clay Shirky原题：Pareto Principle出处：http://t.cn/RKCw3iY编辑：李亮——- 学习人工智能的人都属于 20% -——掌握深度学习原理搭建神经网络模型熟悉自然语言处理开发智能个人助理  戳原文，马上预约下期！,2017-07-14,你听说过二八定律吗？原来它只是帕累托法则的延伸,http://chuansong.me/n/1978225049123
13,不积跬步无以至千里，下一个你计划掌握的技能是什么？你会怎样设计掌握它的路径？,2017-07-14,这才是达尔文演化论给人类的启示,http://chuansong.me/n/1978225149115
14,新旧职业更迭，互联网和传统行业之间差异越来越大……种种迹象表明：「如何转变职业生涯」已成为时代赋予所有人的命题。如何解题？且看本文。（本文为阳志平老师为《转行》写的序）你希望换一种职业吗？像罗伯特·海因莱因（Robert Anson Heinlein）一样，从工程师到科幻作家？抑或像大前研一一样，从核工程师到管理咨询顾问？日复一日重复无趣的工作也许进一步刺激了你的这份想法。既然这份仅仅满足温饱的饭碗岌岌可危，何尝不抛开一切，从头再来？埃米尼亚·伊瓦拉向人们揭示了转变职业生涯的新方法。伊瓦拉及其研究伊瓦拉 1989 年获得耶鲁大学心理学博士学位。在 2002 年进入法国 Insead 商学院担任组织行为教授之前，她曾在哈佛商学院任教十三年。伊贝拉是一位享誉世界的心理学家，曾在《哈佛商业评论》《社会心理学季刊》等刊物发表众多学术论文，并被哈佛商业评论评选为 21 世纪最重要的 50 位管理思想家之一。而之所以能当选，正是在于伊贝拉关于职业身份、企业战略等研究。2003 年，哈佛商学院出版了她关于职业生涯转变研究的专著：Working Identity: Unconventional Strategies for Reinventing Your Career。在研究中，伊瓦拉跟踪研究了 39 人，这批人的年龄介于 32 岁到 51 岁之间，平均年龄 41 岁，65% 的参与者为男性，来自各行各业的专业人员与管理人员。这些研究对象，都属于典型的职业生涯中期人士。在两到三年的时间中，对他们平均进行了三次开放式访谈。其中，多数人属于两类：互联网行业创业者与投资银行、法律等专业人士。所有的受访者都有大学学历，百分之七十四拥有硕士学位（专业是商业、科学、法律、等等)。伊瓦拉在研究中对职业生涯转变的界定来自三方面：工作环境（如从大公司跳槽到自行创业）、工作内容（离开受过长期训练的专业，如医疗、法律或科研）、心理感受（调查对象曾经体验过站在十字路口的感受）。在研究中，伊瓦拉询问受访者一些这样的问题：请说说到目前为止你的职业生涯。你为什么想要改变你的职业？花了多长时间进行职业转型？说说你是怎样度过过渡期的。有谁对你产生影响了吗？为什么？你考虑过多少不同的想法或可能性？对每一种可能性做出了多少努力和尝试？在整个转型过程中最困难的事情是什么？除了工作的变化，你工作和生活中有过其他的改变吗？伴随职业生涯转变过程中，这些问题则变得非常重要：你为什么要离开某公司/职务？关于备选的公司/职务你有什么想法？你主动研究了那些方面？是怎么做的？谁在你考虑的过程中给了你帮助和激励？谁帮到了你？你会如何描述整个转换过程？什么会是最困难的？你得到了哪些结论或排除了哪些选项？这些问题也是在转变职业生涯过程中，人们思考最多的典型问题。伊瓦拉发现，人们之所以转变职业生涯失败，并不是因为害怕改变、缺乏准备。大多数人都具备改变的动机，但是，在具体如何选择一个真正适合自己的新工作的方法上，传统职业生涯规划的方法出问题了，你需要从「先计划后实施」到「先实施后计划」。传统职业生涯规划的思路看上去颇有道理：确定职业目标：此时，你往往会听到一些寻找真实的自我，听从内心的声音的建议，你尽最大努力去尝试厘清自己真正想要的是什么；确定职业发展策略：此时，你往往会根据上一步的思考结果来确定哪些工作或者领域，能将自己的兴趣、技能与经验结合起来，在这个过程中，你往往还会从那些最了解你的人中或者相关专业人士那里获得建议；采取实际行动：一旦明确职业目标与确定职业生涯发展策略，那么，接下来只要按部就班根据以上思考实施相关行动计划即可。这种「先计划、后实施」的思路流传甚广，听上去令人感到安全踏实，合情合理。然而，伊瓦拉研究令人震惊的发现，它会导致最悲惨的结果：你会一无所获，你最初渴望的职业，永远无法实现。传统方法的问题「先计划、后实施」这类传统方法的问题在那里？传统方法第一步：了解自己大多数人被教导，在改变职业生涯之前，先要了解自己。你需要对自己的性格、需要、能力、核心价值和优先考虑的事项进行了解与详细分析。然而，这种做法植根于一个错误的概念——认为人们有可能发掘「真实的自我」（true self）。这些理论认为，一个人在成年初期，就已经形成了一个相对稳定的个性结构。通过自我反省和心理测验，一个人就能更好地发现真实的自我，最终就更容易找到适合自己的工作。这种对真实的自我的定义，实际上与「先计划后实施」的做法完全吻合，即一旦你找到了真实的自我，剩下的事情就是行动了。实际上，斯坦福大学心理学家 Hazel Markus 的研究提出了一个新的概念：「可能的自我们」（Possible Selves）。什么是可能的自我？就是你对自我所希望、所预期、所恐惧。佛家有三毒，贪、嗔、痴。儒家君子之道有三，仁者不忧，知者不惑，勇者不惧。而在西方心理学中，根据马库斯的定义，可能的自我是三我：希望我、预期我与恐惧我。比如：希望我：希望自己达到的自我；预期我：预期自己能达到的自我；恐惧我：害怕自己成为什么样的人或自我。你是由许多个自我组成，这些自我部分不仅仅像传统观念认为的一样，由你的过去决定，它很大程度上也会取决于你目前的环境以及你对未来的希望和恐惧。「真实的自我」植根于过去；而「可能的自我」则立足于现在与未来。一部分「可能的自我」通过你当前所做的事情和我们现在所在的公司确定；另一些「可能的自我」却仍然是模糊不清，只存在于你的个人梦想之中。通过「可能的自我」的观念来反思传统职业规划的错误，你会发现：1）你并不可能通过在头脑中的「反省」来发现「可能的自我」。人们是通过实践而不是通过「反省」来了解到自己「可能的自我」。2）你需要甜头，过多的「反省」导致行为瘫痪。传统观念认为，痛苦是变化的唯一动力，但是在现实生活中，痛苦会导致行为瘫痪。因为只有我们有了可以感觉、触摸和品尝到的诱人选项后，才会改变。3）对「真实的自我」的执着导致多样性的丧失。如果一上来，就急于弄清真实的自我，往往还会导致行为瘫痪（paralysis），在等待自己豁然开朗的过程中，机会已经从你的面前溜走。软件开发有个术语，设计过度，迭代过慢，最终产品失败。「真实的自我」就等于程序开发者过于追求基础架构的强大，从而思考过度，导致认知资源的衰竭，最终反而阻碍了行动，行为瘫痪，从而执着不前，难以迈入新领域——「可能的自我」所辐射的范畴。传统方法第二步：找信得过的人参谋传统观念认为，当你计划职业生涯转型时，你应当向那些最了解你的人和那些了解市场的人请教。但是，当你想要重塑自己新的职业身份的时候，最了解你的人反而最可能阻碍你，而不是帮助我们。家人或是朋友本意是很想给你支持，但他们往往会加强或是拼命保住你想摆脱的旧身份。自我评价、亲朋好友的忠告以及职业咨询专家的意见都帮不了真正的忙。我们真正需要的是曾经有过相同经历并了解自己方向的指引者。打破框框并获得心理支持的最佳途径是：跳出我们平时生活的圈子、去接触新的朋友，新的交际网络和专业群体。传统方法第三步：追求一步到位我们习惯性地认为完成自我重塑是可以一步到位的——如果有了改变的愿望，只需做个决定就行了。传统方法告诉我们，别用微小的，表面上的调整来愚弄自己。实际上，急切的重大的改变会欲速不达。一步一步的采取一些小的措施反而会使我们在重新界定自己的职业身份时，做到更加全面和更有依据。大多数职业生涯的转变都需要三年左右的时间，这个轨迹很少成为一条直线——我们进两步退一步，最终驻足的地方会让自己大吃一惊。就像伊瓦拉所言:在新的可能的自我刚刚开始形成时，往往不会被我们注意；但随着他们变得越来越形象、具体，他们会挤占旧有自我的空间，使得我们不得不开始对两者进行一番比较。我们无法轻而易举地抛弃自己过去的（虽然可能已经过时的）职业身份。这些旧有角色会无时不刻地提醒着我们长期以来对于事情的轻重缓急的和整个世界的固有看法。要想在转型的路上走得更远，我们必须重新审视这些固有的观念。这一步会走的非常艰难。因为一旦进入转型的初期（离转型成功还早），各种不同的自我就会不停地打架，这是一个漫长而痛苦的过渡阶段。如何重塑「职业身份」？既然传统方法「先计划后实施」有问题，那么，新方法是什么？我们称这种新方法为「检验和认识」。「塑造职业身份」应该是一种实践，是一个对你「可能的自我」进行测试、检验和了解的过程。当各种「可能的自我」漫无目的地变来变去时，使职业生涯转变产生的唯一途径就是把我们各种可能的身份变成现实，然后再不断地对这些身份进行锻造，直到我们积累的实际经验足够丰富，能够指导我们采取更有决定意义的行动为止。按照这种思路，成功转变职业生涯的关键做法有：创造试验机会、改变关系网、解释我们正在经历的转变。创造试验机会「职业身份」（working  Identity）是由你所做的事情、你所从事的专业活动确定的。要想知道自己真正想要干的是什么，唯一的办法就是放手一试。很多人在想转变自己的的职业生涯时找不到落脚点，不肯跨出第一步。更多人习惯的是像书中夏洛特一样列出各种可能性：选择一，成为一个顶级猎头公司的财务总监猎头。选择二，从事公关或维护投资人关系的工作。选择三，从事艺术品的私人银行业务。选择四，跳槽到另一个家公司做经纪人。选择五，回学校学习语言学或历史学。选择六，做一些和美食、红酒、法国有关的事情，让世人了解美国。选择七，利用一下自己熟悉美法两国文化和会说双语的优势。大多数人都会幻想自己想要成为的那个人，但却忘记了最终的事情：立即行动！最佳的转变职业生涯的方法是立即将至少一个选择带入到现实中进行考量。你可以利用业余时间，以兼职的形式，试试身手，在周末拿些项目来做。还有一个方法是利用临时性的任务、外包、咨询和第二职业，来获得在新领域的相关经验或者培养自己的相关技能。比如认知写作学三期有一位妈妈有个非常好的习惯：每年夏天都会参加一个短期的、全新的领域培训课程。这样不仅可以在新的领域学到知识，同时强迫自己跳出日常事务，并且有机会接触有趣的事情与有趣的人。改变关系网「职业身份」也是由你所在的公司、你的工作关系以及你所属的专业群体确定的。在职业生涯发展中期，绝大多数人，不仅想改变的是工作内容，更想改变的是工作关系。那么，怎么改变关系网呢？你可以遵从建立人际网络的三原则：类我原则：在建立人际网络的时候，应避开跟自己性格、生活环境比较类似的人，比如老乡、校友等；邻我原则：在建立人际网络时，还应注意避开跟自己属于同一个生活圈子的人，比如同事等；共同活动原则：在建立人际网络时，应该注意与能够参加某些共同活动，如某些志愿者组织举办的活动的人链接。类我原则与邻我原则侧重的是，我们不应该总是在与哪些人交往，共同活动原则侧重的则是，我们应该与什么样的人交往。要想告别过去，你必须敢于预涉足未知的关系网络，这不仅仅是为了能够寻找新的门路，更重要的是真正认识自己想成为什么样的人，最有可能帮助我们认识真正自我的人往往是那些我们不熟悉的人。你需要加入一个新的专业社群，它往往是一个学习共同体。学习科学大量研究表明，成人的最佳学习方式并非独自练习，而是在情境中学习。 有效学习是进入相关情景，找到自己的「学习共同体」，然后学习者刚开始围绕重要成员转，做一些外围的工作，随着技能增长，进入学习共同体圈子的核心，逐步做更重要的工作，最终成为专家。在学习共同体中，你还需要寻找一位角色榜样（role model）来指导和衡量你的进展。从他们身上，你可以了解到未来可能的自我。同样，你需要尽可能让角色榜样成为自己新的导师：性格足够相似，才具有真正的启发意义。转变职业生涯是一段漫长而痛苦的过程，正是新的专业社群与角色榜样，为你供保护和缓冲。最终帮助你转变职业生涯成功。为转变做出解释「职业身份」还由形成你生活中的事件，以及串联「你过去是什么人」和「你将成为什么人」有关的故事确定。你需要发现或创造促成转变的催化剂或触发事件，把它们当做你改写生活故事的由头。你需要为自己的职业生涯转变做出解释，创造出你寻求变化的诱因，也就是为一些事件做出解释，然后将这些事件穿成一个故事：一个有关我们想成为什么样的人的故事。每个变换过职业生涯的人都有一个在某个时刻「顿悟」的故事，这些例子很容易使人相信，职业生涯的改变都是从这样的关键时刻开始的，实际上，这样的顿悟都是转变的结果，而不是转变的原因。如欧洲社会心理学创始人莫斯科维奇三十岁时读皮亚杰著作时顿悟；又如乔布斯印度朝圣时顿悟；再如鼠标之父恩格尔巴特二十五岁刚订婚时顿悟。中国文化史上最著名的则是阳明龙场悟道：一天晚上．正值「中夜」之时．他忽然领悟了「格物」的真义。大约二十年前，他曾为这个概念折磨得形销骨立。他领悟到，「格物」的真正意义应求于内心，而不是求于外部。根据大家公认的记载，事情的发生非常有戏剧性：在值夜之时，他辗转难眠。忽然，他感到有个声音在对他讲格物。他在恍惚之中呼喊欢叫，从床上跳了起来。他的仆人吓了一跳。阳明初次认识到，「圣人之道，吾性自足，向之求理于事物者误也。」然后，他回顾心中记得的「五经」中的话，印证他的新认识。他发现「五经」之言与他的认识完全相合。那些人生百思不得其解的疑惑豁然开朗，此后的心路海阔天空。就像主题曲的最强音一样，这些悟道时刻构成激励后生小辈的素材。伊瓦拉研究发现，好故事来之不易。只有经过多次尝试和磨难之后，这种顿悟时刻才会降临。如同阳明是在被发配贵州、人生低谷时，才获得悟道时刻。好故事需要多次重复。将自己的职业生涯转变故事告诉大家，那么你就能更清晰地说明自己的意图，从而争取到别人的支持。小结是的，人们之所以转变职业生涯失败，绝大多数情况并不是你缺乏改变的动机，大多数人都知道自己逃避什么：因循守旧，范围狭窄的职业生涯，朝不保夕或者枯燥乏味的工作、冷酷无情的公司政治、没有时间安排业余生活，非常难处理的工作与家庭平衡。「先计划后实施」的传统方法更多是在教会我们如何固守以往的位置。现在，重新启程，你需要先做后想！■  重启职业生涯，迎接创造人生——点击阅读原文，来开智坐坐？,2017-07-04,阳志平：如何转变职业生涯？,http://chuansong.me/n/1954041649713
15,"在朋友圈里看到一位朋友在抱怨：这一天天过的，也不知道自己忙了些什么，反正时间就这么没了。其实不只是他，在日常生活中我们也经常会有类似的困惑：时间都去哪了？如果我们了解工作这种活动的实质，就可以知道：工作是一种熵增效应非常明显的行为——总时间不变，可用时间不断减小。网上流传着这样一种说法：不是我喜欢熬夜，而是熬夜的时候才有效率。相信这也是很多朋友的心声。然而靠熬夜换来的工作效率毕竟不是长久之计，总熬夜对身体也不好。有没有什么办法可以让我们提高白天的工作效率，应对这种「熵增效应」呢？你可以试试这五个方法。设置免打扰时间为什么我们在半夜工作的时候效率通常很高？一个很重要的原因是：这个时候我们不会受到打扰，很容易进入心流。心流（Flow）即全身心投入事物本身的一种美好体验。进入心流需要一定的时间，但一旦进入的话，会感觉不到时间的流逝，经常会有「忙完一抬头，发现不知东方之既白」的情况。白天工作时，我们经常会发现自己莫名其妙地多了一堆计划外的事情：「一个小时后有个会议」「占用你 15 分钟，我们讨论一下这个事情」……这些临时增加的工作不仅会让工作的复杂度提升，还会因为把我们原本安排好的大块工作时间切割成破碎而零散的时间，让我们无法进入心流。所以这个时候设置自己的免打扰时间就十分有必要了。你可以在工作中定一个规矩并且让其他同事悉知：比如声明上午 9 点到 12 点是你的创造时间，请同事不要在这个时间段找你。与此同时，同事之间的交流最好也采用留言、邮件等不需要立即回复的沟通方式，这样可以在心流的间歇统一处理，提高时间的利用率。拆分长期计划侯世达在《哥德尔、埃舍尔、巴赫》一书中提出了一个著名的定律：做事所花费的时间总是比你预期的要长，即使你的预期中考虑了侯世达定律。看看我们每天的待办清单就知道了，我们最普遍的结果就是无法达成自己的计划。比如计划用一上午写一篇文章，然后下午去和朋友打球，晚上收拾一下屋子；最后的结果常常是一上午只写了一半，下午打球很累了，晚上自然也就懒得收拾屋子，最后这些工作只能拖到第二天去完成。一天尚且如此，长期项目更是无需多言，很多知名项目的时间也是一拖再拖。比如美国波士顿「大开挖」高速公路工程比原先预想的多花了 5 年时间，超支数十亿美元；而担负国际机场延迟了 16 个月才开张，成本超支 20 亿美元。所有的这一切都说明了一个问题：人类真的不擅长做计划。面对这样的问题，一个有效的应对办法就是——拆分项目。长期项目比短期项目更难控制，所以与其在长期项目上不断推迟，不如拆分成小的，可执行，可把控的项目。比如 12 个月的长期项目可以拆分成 12 个 1 个月的中期项目，再拆分成 48 个 一周的小项目。这样即便达不成目标，也可以及时调整方向。而且拆分项目还有一个好处：降低任务的复杂程度，便于执行。比如我们计划收拾屋子很难以执行的话，拆分成「打扫」「洗碗」和「洗衣服」等项目就更容易执行。开始时避免关注细节正如建筑师不会在确定建筑框架的时候就考虑厨房贴什么瓷砖，我们做一个新项目的时候也不应该一上来就考虑太过于细节的问题。心理学家 Sheena Iyengar 和 Mark Lepper 2000 年做了一项研究，发现当商品的种类从 24 种下降到 6 种时，人们的购买欲望会提高 10 倍。同理，麦当劳和肯德基的顾客基本上都可以在几分钟内选好自己想要的套餐，也是得益于他们只提供有限的选择。过早关注太多细节就像是面临提供了太多选择的商家，使得我们决策的难度成倍增加，不仅会让我们的进度减缓，甚至可能造成行动瘫痪。迪士尼知名绘画师沃尔特·斯坦奇菲尔德（Walt Stanchfield）也熟知这一点，所以他在带领团队绘画时也要求大家一开始要忘掉细节，因为在初期关注细节不会有任何好处。对于一开始，我们需要关注的其实只有一点：离开什么这件事是做不成的？比如我们要制造一辆车，最开始可以完全不用考虑实木内饰和真皮座椅，但我们必须考虑车身、车轮和传动系统——这些「离开了就做不成」的东西，才是我们一开始需要关注的。确定事情具有意义很多工作其实是没有什么意义的。比如无聊冗长的会议纪要，比如公司的下一个五年发展计划——长时间的规划都是无意义的。创建了知名框架 Ruby on Rails 的贾森·弗里德（Jason Fried）是一个做事无比迅速的实干家，它在做公司的时候意识到了很多工作是没有意义的，所以他每次做事情的时候都会问自己这么几个问题：为什么这么做？你在解决什么问题？这真的有用吗？你加上去的东西有价值吗？这种改变真的会起作用吗？有其他更值得做的事情吗？这样做值得吗？不断问自己这些问题使得他做事及有效率，同时，也让他的公司因为专注于核心业务而发展迅速。现在很多公司和个人在不断追逐各种「风口」，比如获取两年无比火爆的 O2O 和 VR 设备，就吸引了数量不菲的人员和公司投身于此。但这其中的大部分在风口过去后便销声匿迹，不复存在。为了避免在一个又一个追逐中迷失方向，你需要确定真正有意义的工作——比如追求「什么是不变的」。人本的源头需求不会变。比如对于汽车而言：可靠性、性价比、实用性这些基本的诉求，人们过去欢迎，现在欢迎，未来也依旧会欢迎。人性不会变。人类对于真善美的追求和对于伤别离的哀愁永远不会变——所以死亡和爱情才会成为文学作品中永恒的主题。追求这样的事物可以使得你的工作简单直接，效率倍增。锻炼组块化思维一部机器并非是完全从头开始制造——如果每制造一台车都要从制造一颗螺钉开始的话，现在的交通压力根本不会这么大。制造业的做法是将可以标准化的东西标准化，可以做的东西提前做好，然后直接拼装即可。这样可以极大提升制造效率和产量。这背后的原理，就是组块化思维。组块化指的是通过将可以独立设计的子系统之间按照一定规则相互联系而构成更加复杂系统的过程。简单的说，就是把原来一体的东西拆分成可以各自独立设计的东西，然后拼接起来。开智学堂提倡的卡片创作也是同样的原理。二十世纪最伟大的作家纳博科夫是卡片创作的忠实爱好者。1962 年 BBC 采访纳博科夫时问道：您怎样进行写作？您的创作方法是什么?纳博科夫是这么回答的：我现在发现索引卡片真的是进行写作的绝佳纸张，我并不从开头写起，一章接一章地写到结尾。我只是对画面上的空白进行填充，完成我脑海中相当清晰的拼图玩具，这儿取出一块，那儿取出一块，拼出一角天空，再拼出山水景物，再拼出 —— 我不知道,也许是喝得醉醺醺的猎手。在不同的卡片上独立创作，然后拼接——这就是二十世纪最伟大的作家纳博科夫的写作秘诀。奥斯卡获奖编剧也是用这种方法来编写剧本的。甚至还有一群 Geek 专门做了一个网站 TV Trops（tvtrops.org）去专门分析各种剧情的组块。他们将剧情分为不同的组块，比如英雄救美，比如车祸逃生……在我们看来的一部部精彩纷呈的电影，在他们眼里，是类似「A1 剧情 + C4 转折 + D5 结尾」这样的公式——所有的剧情不过是已有桥段的排列组合而已。掌握这样的组块化思维，可以让你的工作像生产流水线那样——只需要很少的人工投入，即可以获得稳定、大量的产出。最后作为一个创造者，如何让自己的工作更简洁高效是一个永恒的命题。创造者的生命不应该浪费在无聊的琐事中，而是应该将自己全部的精力投入开创性的事业中。设置自己的免打扰时间，设置切实可行的短期计划，不在一开始拘泥于细节，运用组块化思维做真正有意义的事情——是一个创造者的自我修养，也是创造者之所以被称为创造者的秘密。——- 学习人工智能 -————- 成为下个时代的创造者 -——掌握深度学习原理搭建神经网络模型熟悉自然语言处理开发智能个人助理  戳原文，马上预约下期！",2017-06-20,创造者行动指南：如何让自己的工作更简洁高效,http://chuansong.me/n/1926627749921
16,-2017-05-26-,2017-05-26,有氧运动时，你的大脑会……,http://chuansong.me/n/1864813349213
17,"让 12 万人受益的战拖方法论：《战胜拖延症：跟高地清风学自我管理》现已登陆喜马拉雅FM，一朝学会，受益终身。音频内容结合心理与认知科学，融合国外前沿知识，为你打造系统全面的战拖方法论。扫描图文底部二维码，立即购买！以下为音频节目创刊词。声音资源加载中...var mv0 = new APlayer({element: document.getElementById('mvplayer0'),narrow: false,autoplay: false,music: {title:decodeURIComponent('你的拖延症，还要拖着不治吗？'),author: '来自开智学堂',url:'http://res.wx.qq.com/voice/getvoice?mediaid=MzA4ODM4ODQ3MV8yNjUxOTMyMDYx',pic:'http://h.chuansong.me/openmindclub.jpg'}}); mv0.init();为什么说无痛的拖延最危险？为什么你现在所用的自我管理系统，注定没有前途？花了美国和欧洲纳税人的无数真金白银，心理学家们研究「成功」这个古老的谜题，取得了哪些重大的发现？为什么就连不拖延的人，也可以从这门课当中收获很多？为什么是我，而不是别人来告诉你克服拖延的答案？又有哪三个办法，可以帮你从这个 99 块钱的课程，获得 990 块都不止的效果呢？干货不必等到正文，开篇第一讲，就为你解开谜题。你好，我是高地清风，国内第一位「拖延症」咨询师，全职的战拖教练。你正在听的课程，是一个极其不同的课程。现在这期是开篇，也是免费试听。你可能还在犹豫要不要参加完整版的课程，还拖着没有做出决定。这很正常，今天我会把课程的背景、特点和效果，一五一十地告诉你。很多被拖延问题困扰的人，都属于高潜力人群，不但不笨，反而是很聪明，很有才能，只是从来没能形成一套系统，把自己的才能稳定地发挥出来。在你了解了我们课程之后，相信聪明的你，自然能做出判断。这个课程为两种人准备：一类是被「拖延症」困扰的人。这方面我们也是过来人，希望帮你一把。而且有充分的理由可以确信，我们伸出的这只手，是最强大的一只手，没有谁比我们更了解拖延；第二类是希望掌握有效的自我管理方法的人，通过自我管理，更有效地达成目标，养成好习惯，提升自己。第二类朋友现在可能没有太严重的拖延问题，但你听完课也会发现一点也不亏，因为克服拖延本身只是个开头，自我管理才是重头戏。而心理学家们给出的办法，适用于每一个人。除此之外，克服拖延这部分的内容，也强烈建议你仔细听下来，预防以后的拖延。「拖延症」是对拖延现象的非正式俗称。我常年管理的豆瓣网小组「我们都是拖延症」，是这个词的发源地，小组介绍的第一句话就是：明明知道那么多事情堆在眼前，摊开的文件，散乱的衣橱，或者只是一个该打的电话，一封该飞出去的邮件……还有自己焦急不安的小心脏，我们还是边咬着手指甲，边也许只是发呆的说，再呆一会儿，就一下下……于是，天黑了又白了，心情愈加沮丧却伴随偷来欢愉般的戏谑……我们都有拖延症……凡是后果有害，而你本可以避免的推迟，就属于拖延。上学时拖着不写作业，工作时拖着不写总结，考试前拖着不复习，下班后拖着不健身，单身汪们拖着不去认识新朋友，也拖着不相亲。拖着不联系新客户，拖着不招聘新员工，拖着不采用新技术，拖着不面对新人生……拖着不给男女朋友买生日礼物，拖着不收拾家里的杂物，拖着不洗袜子衣服……拖延入侵了工作和生活的方方面面。不是所有的拖延，都一定要去消灭。你也做不到。在无伤大雅的拖延，跟死去活来的「拖延症」之间，并没有一条分明的界线。但是，如果有些拖延给你造成了以下后果，就有必要采取行动了：后果 1：影响情绪。正事没做，心里忐忑不安，又伴随着一丝侥幸。最终按时完成了，庆幸之余，心里却没底。没完成的，更是愧疚，谴责自己，觉得自己特别没用。可能还会挨老板骂、挨领导喷、挨朋友抱怨、挨家人唠叨。长此以往，整个人都不好了。后果 2：降低效率。这个就不用说了，觉得一天能做完，花了整整一周多。效率这个词，看着就讽刺。后果 3：影响自信心。超出能力范围的事情，做不到，不会打击我们；本来能做好的事情，却一直完不成，才是真正的残忍。自信心就这样没了。后果 4：损害人际关系和别人对你的印象。答应别人的事情做不到，该完成的事情没完成。你内心是个靠谱的人，别人却无法再指望你靠谱，如果再夹杂上别的误会，友谊的小船说翻就翻了。冤不冤？后果 5：影响健康。海南大学曾有一位学生，考研期间因为感冒拖着不去医院，转成肺炎，最终不治身亡。问问医生，你就知道，有多少人的小病，拖成了难以根治的慢性病。后果 6：虚度生命。那些有截止日期的任务、那些有人监督的工作和学习作业，你很容易意识到它们的拖延，因为切肤之痛。但叫声大的狗未必咬人，真正最可怕的拖延，恰恰是那种无痛，或者隐约作痛的。想想你为自己规划的事情，瘦身、旅行、写作、学习摄影……你前年的新年愿望，去年底都实现了吗？你年少的梦想，现在又在何方？没有期限，无人监督，所以它们很容易被你忽视。然而，正是它们，才决定了你是谁。最大的拖延，是拖着不去做自己。我曾经面临跟你一样的问题，甚至比你还严重。2008 年，我还在念博士的时候，因为拖延，把出国留学的机会都错过了。偶然发现了豆瓣网的拖延症小组，就像抓住了救命稻草，毫不拖延地加入了。凭借一股热心，我居然成为了小组管理员，开始带着大家寻求专业支持，开展拖延症读书会，创办了专题网站和协会，翻译出版了好几本克服拖延的书，包括《终结拖延症》、《拖延心理学2》，还有我们原创经验的合集《挑战拖延症》。那些年，拖延现象才刚刚引发大家的重视，我们这群人一不小心成为了国内最懂拖延的人。这些事情被 70 多家媒体竞相报道，我们还成为了主持人杨澜女士节目的座上宾，登上了清华、北大和中科大的讲台。2012 年，我因为医院检查的一场虚惊，思考到生死问题，意识到最大的拖延正是「拖着不去做自己」，面对家里人的反对，经历了重重压力和思考，最终放弃了博士学位，走上创业道路，开设课程和咨询，全职帮人解决拖延问题。这几年里，我们克服拖延的拼图逐渐完整，国内的第一个战拖工作室也顺利建成。当最强大脑的科学判官魏坤琳老师，邀请我在喜马拉雅开一门克服拖延症的课程时，我受宠若惊，也心怀忐忑：毕竟，这不是件容易的事。顽固的习惯，背后有性格因素，有情绪原因，有人际关系、身体状况和工作制度的重重影响，三十六节课，如何说得清？我的线下特训营效果不错，但那毕竟是 4 天的课程，密集高强度的训练。一门音频课应该怎样设计，才能帮到你呢？考虑了许久之后，我最终决定，把重点放在自我管理系统上。期待用一套先进的体系，为你带来真实的改变。概括起来，就是三句话：丢掉幻想，拿起武器，来一场内心起义。「丢掉幻想」，说的是纠正认知。真正的改变，需要勇气，需要承认自己的问题。不是每个人都敢于这样做，不是每个人都敢于面对那个残酷的事实：当前这个版本的自己，注定毫无前途；要突破困局，就要改变底层认知。为什么说当前的版本毫无前途？第一个原因：你有没有觉得，在我们的时代，自我管理的技能非常重要？你觉不觉得，我们从上学的时候，就应该有这样一门课程？如果应该有的话，那么，你真的学过了这门课吗？拿了几个学分？你真的觉得自己接受了足够的教育，可以信心满满地毕业了吗？第二个原因：小时候你只需要管好学习，就连家务父母可能都不让你做；长大了你不但要完成满满当当的工作，应对苛刻的老板、刁钻的客户、有合作更有竞争的同事，还要谈婚论嫁、照顾家人、业余学习、经营人脉、完成家务、购物、旅游、交通、维持兴趣、寻求长久的职业发展……方方面面的重任，都落在你的双肩。如果有了孩子，这一点体会更是深刻。这种复杂度，以前能否相比？小时候你在乡村、小镇或县城，悠闲淳朴，与世无争；长大了你生活在大城市，钢筋水泥，节奏迅速，心情躁动。这种挑战，以前能否相比？小时候你还没有智能手机和随处可用的网络，最新鲜的娱乐也不过是小霸王里的游戏，现在各种消息和诱惑无孔不入，好玩的一切跟你共享着办公室和三寸玻璃屏幕。这种干扰，以前能否相比？第三个原因：你真的觉得我们足够了解自己的大脑吗？我们足够了解人类自身吗？新的研究正在不断刷新我们的认知。在我们的课程里，你会发现原先深信不疑的东西，原来根本不是事实。真相是：奖励未必能让你更有动力。原本可能找到乐趣的事，使用奖励可能会破坏动力；目标不是越清晰具体越好，过多的具体目标反而让你大脑疲惫，无所适从；「吸引力法则」是碗毒鸡汤，预想乐观结果，反而可能降低成功率；公开宣布你的目标，短期内能带来压力，长期反而降低动力，得不偿失；问题顽固难解决，只因你平均用力，没有打准要害。如果打准，四句话就能做到早起；高效和不拖延的人不靠意志力，靠另外两样东西，叫做动机和容器……人需要 3.5 种心理营养素，是的，有个神秘的 0.5。缺了它们，你就像被吸走了内力，什么招式都使不出来。拖延跟性格有关。有的人天生就更自律。课程会帮你测试出你的基础条件，提供针对性的建议。总之，世界很复杂，而我们过去的认知很肤浅。过去的自我管理系统注定没有前途，是因为我们经常高估了人的理性，假设你的意志力红条是无限的。建立在错误的人性假设上，自然不好用。但你之前从来没有怀疑过它们，相反，你一直在怪罪自己没有意志力，没有坚持下来。哪曾想到，这真的不怪你啊！心理学家把应对复杂局面、控制注意力、协调自身资源以便达成目标的能力，叫做执行控制。网络时代，让人类进入了几十万年来，对执行控制的要求空前之高的年代。祖先们可没有经历过这样的大场面，也就无法把这项本领遗传给你。我们，唯有靠自己。这就是我们课程的第一个独家特点：别处没有的真相。唯有丢掉幻想，才能拥抱真相。丢掉幻想只是第一步，拿起武器才是关键。接下来的半分钟里，我们要说一些专业名词，如果你是头一次听，也没关系，课程里还会详细讲解。在性格与拖延的部分，我们重点介绍大五人格、社会期望型完美主义和注意力障碍；在情绪健康部分，我们会接受自我决定理论和心理营养素。在目标设定部分，我们会介绍心理比对等技术；在计划部分，我们会介绍执行意图技术；在执行部分，我们会介绍具身认知和一系列高效灵活的执行技巧；在习惯养成部分，我们会介绍麻省理工学院脑科学家的发现，从大脑基底核的纹状体，重塑你的第二天性；在成长提升部分，我们会介绍「英雄之旅」模型、多重的「可能自我」和有效转行的秘诀。所有的武器，概括成一个词，那就是「心理与认知科学」。唯有科学，能为你带来改变。如果你早就希望改变自己，却又对形形色色的鸡汤和鸡血望而却步。那么这门课程正是为你而准备。这里全是建立在心理学和认知科学基础上的正统方法，背后是美国麻省理工学院、哈佛大学、哥伦比亚大学、纽约大学、德国马普所等知名学府和研究机构的科学家们，花了美国和欧洲大量纳税人的钱，做出的实验结果。你觉得是这种经受了专家评审、大样本控制对比实验和严格统计学检验的知识更靠谱，还是纯粹个人经验的总结更靠谱呢？请不要低估别人花了大量金钱才获得的知识。就算洋鬼子们傻，也不至于一直傻这么多年。反直觉的真相，唯有依靠科学的方法论才能得出。当然，口说无凭，随便一个人都可以宣称他的课程很科学啊。怎么证明？每一单元结束时，我们都会提供参考文献，如果你愿意，完全可以去阅读我们给出的论文和书籍，看看一手信息里到底是不是这样说的。心理学的英文论文没那么难读，过六级读起来很轻松，四级水平借助词典也行。有人会有疑问：讲自我管理的老师现在也不少，怎么他们没讲这个？这跟学科背景有关。「自我管理」这个词，是管理学角度的说法。有本杂志叫《哈佛商业评论》，被称为「管理圣经」，里边就有一个专门的栏目叫「自管理」，如果你关注这个栏目近些年的作者身份，会发现生物/心理/认知学家非常多。黑西装的地盘上，来了越来越多的白大褂。驱动自我管理发展的新知识，现在几乎都来源于心理与认知科学。而在一线研究中，大家使用的关键词不是自我管理（self-management），而是自我调控（self-regulation），学科鸿沟又加上语言障碍，使得自我管理领域的专家，很少有人会去查阅这方面的最新文献，更容易依赖管理学领域的传统认知。跨学科的知识传播，本来就比学科内要慢 20 倍，更何况从国外到中国。在自我管理领域的课程里，我们坚持最高的学术标准，也使得这期节目背后花费了大量的时间。为什么要这样「自讨苦吃」？因为我们尊重你的品味和判断力，也因为我本人曾经被品质粗劣的信息来源所误导，我不希望你还要受这一遭罪。有些人可能读过《拖延心理学》，会发现这些东西在经典书本里，居然基本没讲过！是的，好几年过去了，我们不拿出点新东西，又怎么对得起你？这些，就是我们课程的第二个独家特点：治愈拖延的秘方。课程总共有 10 个单元，每个单元分成 2-6 讲不等，总共 36 讲，每讲 10 分钟左右。由于我们的研发还在不断进行，所以很可能还会提供免费的加餐，最终是在 36 讲以上。为了更好的效果，我们强烈建议你每期至少听两遍，其中一遍是在桌子前，边听边记录和做练习。我们也强烈建议你使用在评论中提问和反馈你的应用成果，我会挑选认真的评论，为你点评。以上这简单的三招，可能会让你这 99 块钱的学费，取得 990 元都不止的效果。就看你是不是够主动了。充分掌握这些之后，你的收获是：回归真相，清楚自己的起点在哪里。踏实，不好高骛远。把握正确的自我调整方向，不被那些诱人却有毒的东西诱惑。了解常见的拖延问题，和简单快速的应对办法。能用合理的方法筛选你的目标，减少任务表上的错误目标。能用合理的方法制定计划，作出针对性极强的计划，通过自我编程，大幅度提高目标达成率。能反客为主，通过身体来反向调节认知和情绪，在任务执行中保持好的状态。能通过习惯模型，分析出坏习惯的要素，做针对性的纠正，也能用它养成好习惯。能使用任务清单，进行有效的宏观任务管理。能把你过去和现在的经历，串联成一个独一无二的剧本，发掘意义，指引未来。是时候了！在拖延的暴政下，你忍耐得够久了。号角已经吹响，请你丢掉幻想！请你拿起武器，来一场内心的起义。希望你牢记战拖的最终目的，是为了拯救你自己的梦想，是去做你此生注定要做的事情，而不是用来完成别人让你做的事，或者你不小心陷入的种种应该之事，也不是单纯追求短期的高效。高效只是顺便达成的结果，成为别人眼中的好人也丝毫没有意义。最重要的只有一件事，那就是成为你自己衷心认可的更好的自己。如果你真的想要战胜拖延，就拿出诚意。现在，我们出发。经 12 万小伙伴实践验证的战拖方法论，你值得拥有！ 戳原文，马上购买！",2017-05-16,高地清风：你的拖延症，还要拖着不治吗？,http://chuansong.me/n/1841102449719
18,"20 岁到 30 岁的这十年，是人生中最宝贵的十年。有一位处在这样年纪的青年，刚进入社会，心中充满了梦想和激情，满脑子都是改变世界的想法，但在多番现实的打击和生活的挫折之后，他才明白，此刻的他尚有诸多不足。不甘平庸，他开始寻求改变，但现实如同迷雾一般，无论多少次勇猛地冲刺，却始终无法穿透那层遮住眼的帘，于是，看不到生活方向的他，开始迷茫。这位青年，正是看文章的你，当然，他也是陈虎平。唯一的区别在于，后者最终走出了迷雾。穿过迷雾后，更知此中艰难，于是这位曾经的青年将这一历程总结成了 4 条建议，希望借此可以点亮一盏灯，帮正在迷茫的青年找到一条出去的路。二十多岁的青年最想改变平庸的自己，但往往找不到改变的方向，很迷茫。迷茫是一个笼统的状态，可以分解到可操作的子模块。所谓迷茫，首先是找不到方向，其次是找不到做事的步骤，后者是技术问题。如果你生活在一个都是平凡人组成的社会微环境中，身边没有一个特别优秀的人，你也没有读过任何历史或社会名人的传记，那么要有方向，是很难的。1.前往时间源头方向首先来自跟随，而不是独创。很少有想法是你自己一个人完全想出来的，即使是从 0 到 1 的无中生有的创造观念，也是在一个小群体中碰撞、讨论、吹牛出来的。问题是不要跟随平凡大众，而是跟随一小组优秀的人。按现在流行的话说，你不要停留在信息末梢，而要身处在时间源头。从演化设计的角度看，越独创、越源头的，其设计越复杂、越精致，因此单凭个人摸索到达的概率也就越低。你在童年时可以自己凭空折出一个纸飞机，但你无法仅凭个人努力在 30-50 年里造出真飞机。飞机所包含的知识和技术设计，太多、太多、太多，穷一生之力，你不可能独自发明其中所有设计。如果你要在飞机制造领域做出成绩，你必须跟随优秀的飞机制造工程师学习多年。时间源头就是设计复杂度最高的地方。设计复杂是因为要素众多，且层层编织。外人即便把这些要素都平面的罗列在一起，也无法完成多层组装，让它运行起来。一个复杂的设计D可以这样表示：D = f1(abc)，其中 a = f2(i, ii, iii)，其中 i = f3( α,β, γ)，其中 α = f4(甲乙丙)，层层分解，直到可以直接获得的原料。这里，f1, f2, f3, f4 为各层的调用函数。这些都是很难靠自己学习的。逆向工程通常只能追溯若干层次的设计，设计的层次越多，逆向工程就越困难。给你一台电脑，让你返回电脑之前的时代，你很难就凭自己再制造另外一台电脑，估计一千年也不行。也不要因此就认为正向开发就很容易。从底层材料一步步组合、设计出复杂的机器，整个生产步骤并没有一个天才或神迹般的设计者，没有一个全能设计者、没有一个全纵深的控制者，伟大的人也只是提高了其中 1-2 个层次而已，行业内所有人一代又一代的积累、试错、淘汰、组合，才某一个现在组装出了令人惊叹的产品。人类制造出可用的汽车、飞机、个人电脑，都花了几十年的时间。这是说，不要仅凭个人的力量，在那里还原整个行业、整个学科的成就，能在正确的位置和方向上添砖加瓦就很好了。高难技能的获得、新模式的创造、工业文明社会的建设，与复杂机器的制造的道理是一样的。你不会相信单凭自己就可以做出这些成就。所以，请不要无脑的贬低数学、科学、技术专家、健美、娱乐专家了，不要无脑的贬低曾经创造伟大模式的大企业了，不要无脑的贬低伟大的工业中国或美国的管理者和决策者了。换你上，你除了破坏，啥也做不成。明白伟大社会、商业模式、高难技能的设计十分复杂，你才会客观认识自己的能力水平和社会地位。我曾遇到 20 来岁的青年，也许我们当年也这样，认为康德是错的，马克思是蠢的，林毅夫是有缺陷的。也许吧！只是这些人连给他们提鞋都不配。2.寻找复杂设计凡是你看到那些用言辞攻击伟大的思想家、科学家、政治家、企业家、工程师的人，你就要知道，他们故意把复杂的设计贪婪的还原为两三层设计，然后就说只要这样、只要那样，就可以得到这些伟大设计了。那些民间哲学家、民间科学家、民间经济学家、民间政治家，统统都是这样。凡是有这种思维模式的，你永远都不要听。他们自己不自觉、或者故意利用人类天生的意向行为者思维，把所有复杂的设计都简化为一个简单的设计。当他们不理解对象的伟大，他们便用愚蠢的攻击来拒绝思考。我从来没有见过比他们更蠢的人。找方向就是要找到复杂的设计。但我们多数人一开始接触的都是简单的设计，平凡人本来就是最常见的，不然何以称为平凡？我们多数人都生活在一个普通的小区、一个普通的农村，二十年前、甚至十年前，绝大多数中国人也都生活在一个平凡的社会。好的榜样都在书上、在电视剧中、在新闻联播里。青春期我们都会崇拜偶像，唱歌的、跳舞的、开飞机的、造飞船的，等等。这些理想很快就会没落，不是因为你忘记了初衷，而是因为他们都离你所在的环境太远，你怎样也无法从你这里到达他们那里。他们的成就也太巨大，你看不到自己可以怎样努力才能达到那种高度。因为找不到路线图，你会感到挫败、沮丧、甚至自暴自弃。相对现实的道路是考上好大学。那时，考上好大学，就算不得了了；毕业后还能去得了发达国家，就算是出人头地了，家族坟头冒青烟了。这些过去的观念影响了教育者和父母们，决定了他们所培养的子女的思维水平。这不能算错，因为当时只有那个基础。现在不一样了，很多人还在老调重弹，那就不对了。很明显，现在，在中国读本科、中间出去交换一年，要比完全到美国读本科要更好；在美国读完本科或研究生以后马上回国发展，要比一直呆在美国要好，甚至比先呆几年再回国也要好。我把这个判断放在这里，看 10 年后，前一批人是不是比后一批人更有成就。理由：中国是未来的方向，美国是过去的方向。今天，你站在北上广深，你就是站在社会设计、企业设计、技术设计、文化设计最复杂的地方；你不知道，不说明事实上不是这样，你不知道，只是说明你不在最有创造力的那一拨人当中。也许在知识和基础科学上还有点欠缺，其他方面中国已经和正在领先了，就如美国在 1920 年代其实已经领先英国一样。最主要的一点是，中国足够复杂，要做成事情，需要很多设计；复杂的设计，就是新的方向。你不能等在本地工作的人都设计完了，看到情况明朗了，你才回来，那时大局已定，行业座次排完，机会已经没有了。所以，在中国，走出平凡生活的第一步就是到北上广深，或者弱一点的，到国家其他区域中心城市，到这里的学校读书，到这里的大企业工作，到这里生活，到这里结识各行各业的中青年优秀分子。（这些中心城市包括：北京、上海、广州、深圳、天津、沈阳、武汉、成都、重庆、南京、西安。）他们就处在各个行业的潮头。你要认识他们。能在快速变化的中国的这种大城市里生活和工作，其能力是复杂的，其知识和思维是多层的。3.成为认知学徒怎么认识他们？他们在学校里、企业里、微博上、微信公众号里，他们在 2000 年以后出版的新书里。接着是膜拜、跟进、学习。不要一开始就接触最厉害的人，你会被过度震撼，以至于失去模仿的愿望。你一开始就模仿林毅夫，这不可能，相对于 20 来岁的年轻人来说，他过于优秀了。他应该是你拿到经济学博士以后要模仿的水平，再过十年、十五年，升 2-3 个平台，也许你能摸到他那个高度，但 30 岁以前，可能性小到可以忽略不计。你实际接触的，最好是那些在行业内有十年经历、水平很高的人。十年磨一剑。一个人在自己的专业领域钻研了十年、又在名校、名企工作，受到同行尊重，是刚起步青年人的最佳模仿对象。他们应该比你大 8-15 岁，不要超过 20 岁。按照 10 年成才的经验规则，这些人刚好比你高出 1-2 个平台。遇到比你大 30 岁的人，你只能跪倒，然后自己觉得永不可能达到那个水平，因此就放弃了。是的，你放弃了。震撼过大，你进入了心智恐慌区。遇到大你 10 岁左右的人，你就可以膜拜、模仿，而不至于跪倒。对方说什么书好，你就读什么书。对方说什么企业有前途，你就去什么企业。可以想为什么，但要一边行动，一边再想；切勿等到想清楚为什么再去做，因为那时，进入时机可能已经错过。有人担心他们不理自己。这点是可以放心的。这些 30 来岁的人，水平已经很高了，但社会认可度并不高，要放下架子，教一些低水平的人，也不愿意，正是所谓高不成、低不就的尴尬年纪。这时，一个爱学、好学的年轻人横空出世了，恭敬有礼、思维活跃、步步跟进，他们会很高兴的，手把手教你。等到他们出了大名，你还有这种机会吗？这种做法相当于有人所说的认知学徒制。跟着比自己大 10 岁左右的青年人，做一个学徒。单纯读他们的文章和书籍，为什么不够呢？你不容易看出其中的重点，因为其中的内容构造太复杂，你会被各个要点牵扯注意力，你以为每句话都很重要。其实不是。其中有特别重要的，约束着另外一些；有优先级高的，约束着优先级低的，这样一层层的构造，就是复杂的设计。文章、产品，都是平面的、放在眼前的，但你要高手亲自提点，才能一层层明白多层设计的重点。什么时候超越对方的层次呢？一开始想这个没用，大概要有 5-7 年以后，你到了那个水平，对方却可能不再前进，而在同一个层次徘徊。你总是跟这个行业里最优秀的青年人、然后是中年人呆在一起，到了你 30 岁左右（出身环境好、从小见识多的青年人可能在 22-25 岁左右），你可以找到升级的方向，并行动起来。这不是在一个确定条件下对现有系统进行效率优化，而是全面提升现有层次。4.学习边缘创新多数时候，这种升级是从外围某个不起眼的边缘处发起攻击，重造整个系统，少数时候是高强度高频率的使用已有方法，逼迫它到达其边界地带，让它崩溃，然后找出新方向。考虑一下这个说法：「电信万没想到竞争对手会是腾讯，银行也万没想到，竞争对手居然是支付宝。」系统重造的程序完全来自另外一个维度，好比 matrix 的升级程序不来自内部，而是来自 zion。这个是非常可怕的。我自己研究康德哲学也有类似体会。真正可以改造康德认识论的不是康德之后的哲学家，而是像图灵和西蒙这样的认知科学家。真正对我 30 岁写博士论文帮助最大的研究者也是 40 来岁的 Shabel、Hanna 等人，而不是 60 岁左右的著名学者。思想的革命是这样，行业的变化也是如此。我写过一个事实陈述：「 2000 年，好学生去了外企四大，在光鲜亮丽的国贸，一般学生呆在土里土气的中关村本土公司。 2005 年，好学生在风头正劲的诺基亚和卖衣帽鞋袜的土鳖公司淘宝之间选择了诺基亚，一般学生没办法去了淘宝。 2010 年，有人留在硅谷，有人来到 BAT 。2015 年，新一波优秀毕业生去了 BAT ，普通学生去了工业电商。」成熟的行业的设计多，但发展空间小；还不太成熟的行业设计需求度极高，发展空间巨大，为了生存下来，新设计发展的速度极快，逐渐赶超甚至取代原来停滞不前的模式。对于传统能源和工业领域，新能源和行业互联网可能也正在做同样的事。这些都是青年人值得高度重视的行业方向。只是读书做题的好学生，如果不跟业界接触，可能并不明白当下最重要的趋势在哪里。行内的先锋分子其实是明白的，但业内多数普通人对之观望犹豫、甚至不屑一顾，外行更不得门径。政府高层和新闻联播是明白的，但是很多人不把这当一回事。政府的确也会犯错，但要比普通人犯错的概率低，而且普通人不犯错，更多的是因为他们不会尝试新路，而是重复日子。这样来看，要升级原来行业、创造或跟进新趋势，就要跟少数该行业或相关行业的青年优秀分子经常呆在一起。但他们是否会先你一步做完你想做的事呢？不一定。他们能判断出新趋势，但其中多数人也不一定放弃自己的既有工作和业内地位，去尝试新工作，因为他们已经有了一定程度的既得利益，边际收益不一定大，或者他们的积累还不够多，还要还房贷、要养家，不能承受失败的风险。而你则没有沉没成本，可以一往无前。失败了，你也没什么损失，因为在新工作中你至少锻炼了能力，与其他同龄人一样；但一旦成功，你的收获可能极大；换言之，你的数学期望收益很高。所以，首先是到地理上的大城市，然后是实际接触比你大 10 岁左右的人，跟随他们学习，5-7 年后听他们谈到新的趋势，他们中的一些人也许不会采取行动，你去行动，这样就可能超越。本文摘选自陈虎平《打破自我的标签》，略有删节END打造优秀学习系统掌握高效写作工具创作者的必修课 即将开课，马上预约！",2017-05-03,陈虎平： 20-30 岁青年迅速跃迁的 4 个方法,http://chuansong.me/n/1806858749425
19,开智部落三期启动仪式顺利举办，不少读者在后台询问开智部落的玩法，部落玩法三两句实在讲不完，精选开智部落答疑，让你一览开智部落的风格。Part1. 逃离世界Q1. 劝你逃离这个世界的关注Q1：我记得阳老师曾以一己之力将几千篇文献读了下来，然后又在「寻找智者」行动中，读了一千多本书，想到阳老师还创办了几家公司，手头上还在写几本书……想问为何阳老师能有这么多时间？而且每一件事都完成得那么漂亮？答：我的生活与多数人不一样：简单。比如我买衣服只固定去一个品牌商；又如十六年如一日，居住在公司附近，走路上班。再如我不见人，人来见我，十年如一日。这是我定的规矩。我第一次见人，一定是对方来找我，当我判断对方足以成为朋友后，才回访对方。这不是矫情，而是有我的考虑。人来见我，往往会促使对方见我前先阅读我的个人博客。我不相信，线上文章相互阅读极少的朋友，能够产生高质量的交谈。年轻的同学可能相反，他对他人的关注远超自己。比如说最近互联网又发生了什么热门事件，哪个不熟的同事又怎么怎么样了。这样他怎么可能有大块的时间去学习与写作？宇文所安有一句话，叫做「劝你逃离这个世界的关注」。我非常认同。你无需关注太多八卦肤浅的东西，逃离这个世界，反而获得一个更大的世界。  Q2. 时事之辩Q2：阳老师一点都不关注时事吗？缺乏证据、用立场和观点激起情绪的表达现在看已经无趣，但连英国脱欧这样在几十年后回头看会成为历史重要一笔的事件都不了解一下吗？有点怕自己会不接地气，想听听阳老师的意见。答：一个人活着不可能不关心时事。但我建议少围观，多行动。我曾经做过一个演讲，题目是「心理学的大道与小路」，谈自己当年是如何参与影响中国心理学应用的三件大事。第一件事是马加爵事件，加速了中国心理教师职业化进程；第二件事是汶川地震，普及了心理咨询与心理干预常识；第三件是认知科学在大众的普及。你要尽可能地用自己的行动去参与大事，而不仅仅打酱油。比如汶川地震当天晚上，我发起了一个灾后心理支持组织，今天很多开智社群的心理学博士或教授，当时都是这个组织的志愿者，那时他们不少还是在校学生，但八年后，他们都纷纷成长起来了。曾在行动中结下的友谊，又促成了大家今天的共事。用行动来说话，热情地改变你可以改变的，保持一个入世的姿态。但写作则相反，要少写时事。你去读钱钟书沈从文，甚至以时文著称的鲁迅胡适，他们流传后世的文章，时事感没那么强。为什么呢？写作是在制造一个好的模因。假如你的模因跟当下捆绑太紧密了，那么它可能沦为日抛型、季抛型文章。我在《人的文学——认知写作学三期开学典礼致辞》中将这类文体称之为 IT 评论文。你会奇怪，这个世界上真的有一批人，对任何产品任何公司任何商业模型都了如指掌，每天热点出来后，都能头头是道，振振有辞，用强大的逻辑来说服你。你想辩论，还真反驳不过。有很多人的文笔以前很好，但是写这类文章写多了，文笔变得越来越差，有潜力的作家就这样被毁掉。还有一些年轻的同学，太着急去做所谓的知识变现。即使你将知识变现做到极致，给整个社会才创造多少产值？能提供多少就业机会？反之，像芒格这种精英，他给整个社会创造的价值是在 1000 亿美金到 10000 亿美金之间。年轻时尽量选择难一点的事情做，一上来急着追求知识变现，不一定是好事，可能会把自己的路越走越窄。用王阳明的话来说，就是「言益详，道益晦；析理益精，学益支离无本，而事于外者益繁以难」。欢乐苦短，忧愁实多。写作还有另一种少为人知的用途：安放自己的心灵。追求作品在时间长河的生生不息，比靠作品卖钱更有趣。Q3. 第二次青春期危机Q3：青年人如何保持积极的世界观人生观价值观？如何处理人生困惑？答：恰巧我近期在看傅雷先生翻译的《人生五大问题》。这本书讲的是一些人生的大问题，是法国作家莫罗的作品。傅雷先生的译笔优美，值得推荐。我之前也推荐过一些类似的书，如吴静吉的《青年有四个大梦》；还有彭明辉的《生命是长期持续的积累》；蔡志浩的《人生从解决问题开始》；何鹏飞的《自慢》系列；郝明义的《工作DNA》系列。奇怪的是，你会发现，这些作者都是台湾作家。因为他们更真诚，并且经历过了「第二次青春期危机」。什么是「第二次青春期危机」？这是我在《三十六惑》一文中杜撰的一个词汇。12 岁到 24 岁时，你会体验第一次青春期危机，在这个时期，你的心理时钟几乎受制于社会钟。你不需要去考虑如何选择自己的时间节拍，社会已经将你安排好了。你的时间不属于你自己，你不得不按照社会和学校给你的时间安排去走。与第一次青春期危机最大的区别在于，在你开始体验第二次青春期危机时，你的身体与时间已经隶属于自己。社会钟已经许可你拥有自己的时间节拍，没人再来强制你。如果说第一次青春期危机帮助人类成为自己身体的主人；第二次青春期危机则帮助你成为自己时间的主人。与循规蹈矩上班下班结婚育儿，按照社会主流时间周期生活的中产家庭不同，绝大多数社会精英有自己独特的身体节拍与时间节奏，同时尽量让别人来配合自己的时间，而非为金钱出让自己的时间。社会钟的第一次大规模残酷甄选，区分开中产阶级与草根；第二次大规模残酷甄选则区分开精英与中产。Part2. 生活习惯Q4. 如何养成好的生活习惯？Q4：不论学习习惯还是生活习惯都是人类行为系统，那么好习惯定律同样适用于生活习惯。请问，有什么好生活习惯的建议吗？答：我在《如何建立好的学习习惯系统？》提及的「好习惯定律」同样适用于生活习惯，好的生活习惯应该能降低人生复杂度，最重要的生活习惯是保持一种简单的生活方式。生活简单是说不要跟太多的人去太多的地方做太多事，尽可能只跟一两个人在一个地方做一两件事，这样你的生活会变得简单很多。简单的生活方式相对来说，在输入端需要记忆更少东西，每天规律生活规律工作规律睡眠，这样容易自动化。按照认知科学家斯坦诺维奇的理论，我们可以将人类的大脑工作机制分成三部分：自主心智；算法心智；反省心智。自主心智除了来自进化习得的适应性模块之外，还包括情感化反应、学习习得的自动化反应与条件化反应等。举个例子，一旦学会骑自行车后，就终身难忘，变为本能，这就是后天习得的自动化反应。这些自动化之后的模式进入人类大脑的自主心智之后，不再挤占「算法心智」部分狭小的「工作记忆」计算能力。这样更容易突破人类大脑的先天局限。一般来说，人类的 30-40 岁是创作高峰期，此时技能已经成熟。此时专家与卓越者的「自主心智」拥有了大量自动化的模式，他在「算法心智」的 「认知负荷」从而大幅度下降。对于职场新手来说，是「重度脑力劳动」，而对专家与卓越者来说，则是「轻度脑力劳动」。简单的生活方式，容易让我们培养更多自动化的模式，从而让大脑变得认知负荷更小。慢慢地，从一位年轻时候的「重度脑力劳动者」变为一位「轻度脑力劳动者」。Q5. 怎样找到简单的生活方式Q5：怎样找到简单的生活方式，形成时间的复利效应？最重要的事情是什么？答案是，找到一个好伴侣。 这不是开玩笑。如果你将生活理解为一个实验心理学函数，包括自变量、因变量、控制变量、条件变量等等。那么，配偶是最大的干扰变量与控制变量。优秀的伴侣是你最好的同侪压力，也是你终生的同侪信任，更是你无法堕落的底线。怎样才能找到好伴侣？就像芒格所言，找到好伴侣的最好方法是让自己配得上对方。第二重要的则是好导师。 尽早在时间源头，以学徒的身份，帮一位大师打杂，然后慢慢地从边缘到中心。这样你工作早期的无数困惑，比如如何分配心力，如何决策，通过模仿老师，得以解决。这就是现在当代认知科学的主流观念——认知学徒制。为什么认知学徒制如此重要？因为人们容易高估自己的意志力，这意味着你每天需要给自己做心理建设，这与人性背道而驰；与小伙伴们与导师在一起，让你更容易获得从嗅觉视觉听觉到灵魂的刺激：我不能再堕落了，我要加速我的进展！（关于认知学徒制的介绍，更多参见我的老文《刻意练习》）第三重要的是好工具。 人们容易低估工具对自己的影响。工具不仅是思想的外在，更是思想本身。你需要使用最恰当的工具，并学会制造工具。如果是家境一般的年轻人，可以不设上限地购买好书，多阅读智者传记。从智者传记中，你会自然而然地学会大量优秀的工具。有虚拟的工具，有实体的工具。年轻人往往不了解自己、他人的瓶颈，借助这些工具，能够放大自己的力量。Q6. 怎么制定新年计划？Q6：每到过年的时间节点，大家都会制定新年计划。这样对个人成长有作用吗？阳老师是怎么定一年计划的呢？答：尽可能不要定太具体的新年计划，而是选择一个抽象、模糊、性感的词汇。比如我在 2016年给自己定的词汇叫做「柔软」。因为我的性格强势，这一点会影响我管理公司。去年我定了「柔软」那个词汇后，我会有意识去想：怎样才能让自己变得温柔一些？怎样才能更好地容忍一些看不惯的现象？历史上有哪些智者以性格强势著称，他们在人到中年后，是如何变得柔软的呢？结果还不错。大家可以看到 2016 年我的演讲风格不一样了。这样的方法比定一个具体的目标好很多。越具体的目标会让你越关心「可用性」—— 我在 2016 年一定要产生怎样的成果。生活多变，年初想得再美好，年底往往被生活打脸。但是如果你用一个抽象、性感、模糊的词汇作为新年目标，这个词汇又跟你的行为模式相关，这样你可以去学历史上的大拿，学身边的人。到了年底的时候，你的收获更大。性格决定命运，当你的行为模式变得更好，自然会产生更好的结果。Part3. 人生低谷Q7. 消极情绪自救指南Q7：阳老师好，自己断断续续效仿柳比歇夫记录时间有一段时间了，但是情绪压抑的时候，时间记录就被遗忘或忽视了。时间管理仿佛成了情绪管理。我的困惑就在于，如何从消极情绪中快速恢复？怎么不让自己的注意力被负面情绪或事件过多的消耗？目前自己解决这个问题的尝试是，借鉴执行意图加上成长型思维：如果（看书看不懂）/（编程出现bug），就想到（这是刻意练习）/（用成长型思维）。但是消极情绪过强的时候，这个方法就瘫痪了。答： 这位同学的方法很好，除此之外，我再补充几点。第一，从时间管理转为心流管理。不建议做太精细的时间管理，如果你一天花费在时间管理上的时间超过25分钟，那么意味着你生活的复杂度太高了。放弃琐碎的时间管理，转而计算每天能产生几个心流时间。如果你一个星期都很难产生一次心流，这意味着你活得有点累，即使时间管理做得再精致，依然只是在做「第一序改变」。假如你发现一天能产生 3~9 次心流时间，比如读书时，产生一次心流；写作时产生一次心流；讨论产品，又产生一次心流，你会过得更开心。第二，登高山，涉大川，观沧海，与自然一体。《道德经》中有一段话，我曾反复吟诵，赞赏不已，谈尽人情世故与求知真相。夫物芸芸，各归其根。归根曰静，静曰复命。复命曰常，知常曰明，不知常，妄作，凶。知常容，容乃公，公乃王，王乃天，天乃道，道乃久。转译为认知科学版，意思是：1）no zuo no die；2）有理性思维才算聪明，光智商不够；3）高理性思维符合自然之道，能规避风险；4）怎样提高理性思维？致虚与守静。也就是古版专念与自我决定论；5）光理性思维还不够，还需同理心与灵性。同理心来自换位思考，灵性来自登高山，涉大川，观沧海，与自然一体。人陷入重度消极情绪时，借助理性系统难以逃出樊笼。你需要借助环境的力量。中国古代大儒修炼之旅，总是少不了登高山，涉大川，观沧海，在与大自然融合的过程中，提升胸怀。现代科学诞生后，心理学家普遍发现中国古代大儒修炼之道的优雅与正确。这种幸福的状态，美国心理学之父詹姆斯将其定义为「灵性」（Spirituality）；心理学家海特在《象与骑象人》一书中将其称之为「提升感」（elevation）；积极心理学之父塞利格曼在《Flourish》一书中，以及凯斯与海特在《Flourishing》一书中，将其定义为「茂盛感」（Flourishing）。第三，承认消极情绪的力量。 在远古时代，人类面临的是来自生存的挑战。你我的基因深处，铭刻的是人类的祖先在远古时代对洪水、饥饿、短命、毒蛇的记忆。这些记忆进化而成的情绪，则是人类面临的三大怪物：抑郁、焦虑、恐惧。这三大情绪怪物跨越远古穿越至今，成为今天人类心理疾病的重要来源。消极情绪对人类的进化意义更多在于警惕与生理唤醒。承认消极情绪的力量，不一定是坏事，它能够让你意识到自己不一样的一面。仍然用成长型思维看待消极情绪：这一次的低谷对我有什么启发？我能不能将它作为人生关键节点？Q8. 如何克服行为瘫痪？Q8：请教阳老师，我在日常生活中经常出现行为瘫痪，常常拖延，意志力薄弱，不知道有没有具体的方法防止和克服这一弱点。答： 很多人有个思维误区，认为失败是成功之母，但是甜头才是成功之母。之所以容易产生行为瘫痪，是因为你尝到的甜头太少了。做一件事尝到了甜头，之后才会引发更多的事情。那么，如何让自己得到更多甜头呢？这就需要我发明的一个术语：最小行动。尝试降低自己的认知负荷，从一个简单的行动单位开始。比如大家熟悉的「卡片大法」。它就是一种阅读与写作的「最小行动」。再举个与人交流的最小行动。如果想要在开智部落获得持续成长，不至于三分钟热度，要养成的最小行动是什么？它是信息闭环。一方面是自己形成信息闭环。 假设你第一周需要阅读《这才是心理学》，你认领了书中一章，并撰写了几张卡片，提交到 Github Issues。这些卡片你可以写得非常认真，也可以写得非常简单，但此事有始有终，这就是一个对自己负责的信息闭环。另一方面，你和社群小伙伴的沟通，也要形成信息闭环。 这大家容易忽略的。跟社群中任何人的交互，无论是自己发起的直播，或者和其他小伙伴结对学习，或者参加线下活动，从发起到结束，有个明确的边界，有始有终。如果刚开始的时候，你和小伙伴的信息闭环，是在你的认知能力支撑住的范围，那么你更容易完成；即使偶尔超出你的舒适区，借助小伙伴的力量，你也能完成。从此更易克服行为瘫痪，获得甜头。Q9. 如何大时间周期坚持自己的节奏Q9：阳老师在《三十六惑》中写道：「伟人与普通人不同之处在于，即使山穷水尽，人生低谷，阳明依然保持着自己的节拍，并没有刻意压抑自己的消极情绪。在时间迷宫中穿梭，你越是采取单一的时间节奏，越是更容易在时空洪流中存在。如果你每天、每周、每月、每年甚至一辈子都保持一个简单的时钟，你更容易获得时间的恩赐，甚至可能永垂不朽，抵达时光之河的彼岸。」那这里，阳老师指的时间节奏是什么？阳老师是否可以举个例子，比如现在您一天的节奏，与您十二年前的节奏，各自有什么区别？答：人很难做到真正的多任务处理。这里的时间节奏除了指你的生活模式之外，更多指你每天的心流时间产生在什么时候。 比如，我一般白天 10 点到下午 4 点，以在公司开会为主，处理各种工作的事情，晚上在 8 点到 11 点，这三个小时用于读书写作。早上 7 点到 9 点，一般都是读书写作。总是保持一致的节奏，再大的事情也很少改变它。从时间管理到心流管理，并且清晰地意识到自己什么时候什么事情容易产生心流。再说说如今与十二年前的区别。十二年前我住在公司附近，今天依然住在公司附近。十二年前是在清华东门工作，现在又搬回五道口。十二年前我的工作节奏，白天以上班为主，因为当时从事的是管理咨询工作，工作内容主要是跟客户交流，附加阅读写作。晚上回到家，则以写代码与维护自己创办的一个网站为主。从十二年前互联网行业刚刚兴起到今天五道口成为互联网行业中心之一；从十二年前创办第一家公司时，家人同事难以理解到今天全民创业，这是大环境的变化。个人工作节奏最大的变化是，现在代码写得越来越少了，更多精力放在产品与管理上。第二个大的变化是，现在阅读写作，跟谋生关系更小，跟兴趣关系更大。第三个大的变化是，无聊应酬越来越少。十二年前，有些人找你吃饭，碍于情面，不得不去，但是今天如果我不想参加什么聚会，多半能推掉。总的来说，如果希望大时间周期坚持自己的节奏，你需要坚持管理心流而非管理时间；分配个人精力始终朝内在动机倾斜。Part4.  心灵自由Q10. 如何成为内在动机驱使的人？Q10：如何理解内部动机和外部反馈的关系？例如，如果我的目标是写出一篇阅读量达2千的文章，那写的过程会不断希望获得别人的建议，如何平衡别人对自己的影响？对于整合调节与认知调节、自己动机已经被调节的人，如何判断自己的动机属于哪种类型？答：根据认知科学家的研究，目标被说出来后，完成率就会降低。建议区分两个过程，一个是目标的制定过程，一个是目标的执行过程。目标制定时，尽量不要跟别人说；目标执行时，尽量不要受别人干扰；目标完成之后，你可以跟别人去讨论和分享。 因为人类的大脑有一个很微妙的现象，当你说出一个目标，你的大脑会判定「此事已完成」，接下来它能调动的能量就不太多了，这就是绝大多数新年计划实现不了的一个根本原因。研究这一领域最好的科学家是格尔维茨，更多参见我的文章《行动派》。绝大多数人没有掌握一套方法，不依赖别人的反馈对自己的作品好坏作出评价。 伟大的诗人、伟大的作家、伟大的创业者，他们普遍掌握了这一套方法论。比如你刚开始练习写作的时候，不太清楚自己写作质量，这时你要去找类似张爱玲、余光中这些公认的伟大作家翻译的文章。比如说写作课上大家练习过翻译《老人与海》，结果发现张爱玲的确是超一流作家，余光中的确是一流作家，因为这两个作家放在一起，翻译《老人与海》的差距明显。你自己翻译《老人与海》，再和张爱玲一对比，就马上明白自己写作差在什么地方，这个时候你就能进步了。不需要依赖任何人就能对自己的作品进行反馈，这点极其重要，它能更好地保护你的内在动机。假如你始终依赖别人给你指导和反馈来评判自己的作品质量，很难进入真正的内在动机。举个例子，我训练团队的产品经理有一个小技巧，是让他们提前写下自己对新产品的预判或者回溯老产品的版本记录。比如假设某某产品的不同版本会提供什么功能，再拿它的真实版本记录和产品截图，跟自己的预判对比。人都有依赖心理，总觉得他人给你反馈，更能帮助你，其实不是这样的。在很多领域求解很多难题时，你需要从依赖他人主观反馈，转而根据客观的数据独立决策。纯粹的「内在动机」与纯粹的「外在动机」（如外部调节）好区分，反而是介于「内在动机」和「外在动机」之间的「认知调节」和「整合调节」这两种，很难区分。（自我决定论具体解释，参见《如何成为内在动机驱使的人？》一文。）我教大家一个思维小技巧，先假设最坏的情况：自己是偏外在动机驱使的人。因为人类不喜欢承认自己的不足。然而，一旦你先把自己放在一个最差的情况，认为自己就是一个外在动机驱使的人，那么你再来观察自己的行为模式，有可能更容易理解自己为什么是外在动机驱使的人。根据我的观察，以及相关心理学研究，真正内在动机驱动的人，占整个人口学比例是较少的。假如没有人给自己鼓励，自己写还是不写，这个提问是偏外在动机的。你要去想，假如没有任何人给我鼓励，那我写的理由是什么？此时你才开始意识到自己的兴趣和热情所在。当然，刚开始的时候，转为内在动机驱使，有难度。因为我们从小到大受到的训练，都已经习惯了外在动机，总是得有个人 PUSH 你。但你熬过这个时间之后，会明白很多乐趣。Q11. 道学与科学Q11：如何找到人生信仰？阳老师为什么推崇儒家？答： 现在中国人处在一个普遍迷茫的时代，信仰缺失。中国有不少精英知识分子，朝西方寻找信仰，我不敢苟同。通过科学主义修正后的传统学问，反而能带来更大启发。具体而言，我推崇两个流派。第一个流派是用心理科学修正后的儒家：本土心理学，推荐杨中芳、杨国枢、李亦园、黄光国四位本土心理学大师的著作。要寻信仰，必读李亦园。理解个人命运，常往历史中去寻、往时代中去找。是顺势而行还是随波逐流？人类学家道格拉斯为我们提供了一个极好的框架：群格理论。道格拉斯以个人的角色规范（grid，称 「格」）和群体约束力量（group，称 「群」）为两个维度，将各种社会中的个人分为四种类型：群强格强，群强格弱，群弱格强，群弱格弱。中国传统社会是群体约束很强，个人的角色规范也很强的社会。但是现在的社会呢？人们的信仰渐渐丧失。李亦园在其 1997 年出版的名作《宗教与神话》的《社会变迁与宗教皈依》一文中，借用道格拉斯的群格理论，借古喻今，分析台湾人在社会变迁的心理变化及其信仰追寻。台湾民众二三十年前所经历的迷惘与选择，对今日国人来说，参考价值极大。第二个流派是用现代科学修正后的阳明心学：行动科学。中国儒家是行动哲学，阳明心学则是儒家的集大成之作。今天因为丢失了政教文统，人们对儒家误解颇多。不少人喜欢用一知半解的所谓西方科学指责儒家的那一套，用现代科学诞生之后的知识体系去嘲讽一个现代科学诞生之前的知识体系。然而，儒家为什么不能修正，不能发展呢？从行动哲学到行动科学，明者因时而变。 所谓行动科学，串接理论与实践的科学，寻求第二序改变的新科学。台湾辅仁大学心理系建系时与众不同，不走大陆心理系普遍走的认知神经科学这类强科学主义路线，而是走行动科学路线。因为辅仁大学心理系前主任是行动科学中国传人夏林清老师。夏老师也是行动科学启蒙之作《改变》一书译者。我的心理学训练启蒙于本土心理学。前些年在台大心理系本土心理学教研室拜访了黄光国老师，蒙赠经典《儒家关系主义》。杨中芳、黄光国这批老师为什么值得尊敬？他们具备现在大陆公共知识分子非常缺少的风骨，是真的在捍卫中国文化，还跟西方形成对话。而不是像杨老师在《中庸》演讲中调侃的机场心理学，跨文化差异怎么也能搞出来。有差异，能发表；没差异，证明普世价值，还是能发表。多数大陆公共知识分子还停留在这个层面讨论。而杨中芳、黄光国这批知识分子，是真的信仰儒家，又将儒家思想与现代科学融通成功，作为一辈子安身立命学问。多年前，梁启超在北大讲授《传习录》时，开篇语谈「道学与科学」之分，道学与科学，界线最当分明。道学者，受用之用也，自得而无待于外者也，通古今中外无二者也。科学者，应用之学也，藉辩论积累而始成者也，随社会文明程度而进化者也。故科学尚新，道学则千百年以上之陈言，当世哲人无以过之。科学尚博，道学则一言半句，可以毕生受用不尽。老子曰：「为学日益，为道日损」。学谓科学也，道谓道学也。科学尚博，道学则一言半句，可以毕生受用不尽。利用「一句话口号」，创造「最小行动」，激发人类对真善美的向往，这才是儒家精华！天命在我、曾点气象、知行合一、天行健君子以自强不息，这些天真烂漫的句子，可以植入大脑，成为你的行动触发器。儒家已经融入中国人的思维与血肉中，你怎么可能将自己抽筋剥皮呢？所以更佳处理方法是用类似本土心理学与行动科学这样能够与现代科学话语体系对接的新学科，作为自己建构信仰体系的知识源头。Q12. 此心光明，亦复何言Q12: 我相信在座的各位既关心思想自由，也比较关心财务自由。请问阳老师，我们学习的那些最优秀的人类的文化遗产和最新的思想成果，如何能转化为实践呢？如何获得普世智慧，并运用它获得更好的未来？答：普世智慧，用积极心理学创始人塞利格曼的话来总结，是人类六大美德和 24 种人格优势。这是开智大会命名的根源，每年开智大会的主题就是从人类美德中随机抽取两个不同类别，形成冲突。例如首届开智大会的主题是爱与智慧，第二届是美与好奇。爱、智慧、美、好奇，都是普世智慧，但你知道再多依然很难转化为行动。普世智慧是以数万年为单位，作为人类的基本模因沉淀在自主心智中。每个时代，从普世智慧到高阶模型的路径不一样。比如在 21 世纪初，你要获得爱与智慧，你要知道自我决定论、内在动机、执行意图……所以说比普世智慧更重要的是理解一个时代的高阶模型。从理论转换为实践最难的是，有很多人一生没有太多实践高阶模型的机会。那么如何去创造实践的机会呢？前述答疑中，介绍了王阳明与芒格的做法，前者是借助讲学来进行思想的「压力测试」；后者是不断与聪明人交谈。与思想自由相比较，实现财富自由是一件简单的事。时代在不断飞速变化，十年前多数人难以想象互联网对当今日常生活的渗透程度，十年后，随着 NBIC （纳米、生物、信息、认知）四大科技的发展，各种创业机会依然层出不穷。目前人类正处在从智人朝神人跃迁的重要历史阶段。在这个时代，人类和刚刚诞生的人工智能一样，正在变得日益强大。借助于可以编辑基因的 CRISPR 这类技术，越来越多的算法会在人类出生前提前置入人体基因内部。借助于让大脑透明的 Clarity 技术、能打开或关闭神经元的光遗传学这类技术，人类开始操纵记忆，重塑大脑。利用信息不对称和智力不对称，一个人就有可能获得巨大的财务回报。然而，在任意一个时代，能像王阳明一样，在去世前感叹「此心光明，亦复何言」，成为心灵自由的人，始终是极少数。在任意一个时代，不要低估反洗脑需要花费的时间。父母有毒、社会有毒，有毒的制度总会刻意挑选各类固化它的人与媒体。培养独立思想能力，不慢不行。思想自由与财富自由相互佐证，你要有一种能独立谋生的技能，它不需依赖老板这样早应淘汰的物种；你要记住你在心灵自由的路上，踌躇、挣扎、崩溃、慢跑、狂奔的样子，那是你最美好的回忆。END逃离世界关注 阅读一流经典专注输出创作 品鉴优秀作品  成为更好的自己，加入开智部落!,2017-04-04,阳志平：生活十二问,http://chuansong.me/n/1735756049809
20,【速读】选择写科幻源自童年记忆以及审美共鸣，写作动机一部分来自创作的快感，另一部分来自外部的反馈。写科幻不妨问自己 9 个问题，清晰回答完，你就能写出一篇科幻作品了。最后附带陈楸帆的科幻写作工具箱。P.S.本文来自陈楸帆在开智学堂公开课的分享。为什么会选择写科幻？为什么是科幻，而不是武侠、言情、童话或者推理？因为这些作品在我的童年阅读经常出现，或者是某种审美认知结构上的共鸣，阅读或者写作科幻所给我带来的神经快感最为强烈。我还记得把《神秘岛》三部曲翻烂了全部散页了，再让妈妈用缝衣针重新加固再翻的事情。我还记得初中时读到 A.C.Clarke 的《与拉玛相会》时久久无法平息的震撼心情。所以，我会在科幻创作中追求以下几种模式：讨论现实世界的重大议题；（如环境危机、世界末日、奇点临近……）人类全体的命运重于个人、团体的命运；以思想实验 (thought experiment) 或 (what if) 的形式呈现；「疏离感」构造一个迥异于作者经验主义环境的幻想框架，藉由提供读者某种突兀、特异而与其日常经验无法相合的事物，激起读者的兴趣；「认知」则是获得知识和推论的过程，经常成为科幻的主题；认知的（大部分情况下可视为科学的）元素成为衡量阅读科幻所能获得特有乐趣的标准。你是写科幻的动机是什么？我在一年级那年就在三百格稿纸上写下了太空歌剧，足足有5页！那是对《星球大战》的拙劣模仿，有机器人、有飞船、有激光枪以及被射中后在地板上化为一滩血水的外星生物。毫不夸张地说，那是我整个写作生涯的起点。得到家人鼓励之后便开始抽屉文学的创作。而 1997 年初次投稿《科幻世界》得到发表并获奖的《诱饵》，便是一个更大的激励。毫无疑问这个世界上存在着卡夫卡这种完全自我激励型的天才，但对于大部分普通人来说，创作的快感一部分来自于创作本身，更无法忽视的是来自外界的认可与反馈。因为被退稿而放弃的人恐怕不在少数。因此我的建议是先别急着投稿，而是从身边人（家人、朋友、同好）处寻求反馈，不断打磨提升作品，以免挫伤创作热情。尤其是我看到有一些年轻的创作者在遭受退稿打击后走上另一个极端。过分揣摩杂志媒介的喜好，努力向其靠拢，却放弃了对自我创作的坚持。这点非常非常的不可取。一个有效的反馈机制对于作者的成长是必不可少的，大部分创作者的热情都是因为缺乏反馈而被浇熄。所以有时候，天赋、勤奋和运气，你很难说哪一个更重要或者更不重要。你从哪里获取灵感？对于我来说，灵感意味着保持对信息的某种敏感性，它可能来自于外界，也可能来自于潜意识，而作者需要抓住这种稍纵即逝的火花，判断它发展成为作品的可能性。这一过程具有某种程度的不可复制性和偶然性，相比起来，我更愿意分享一下如何从灵感通过一定的步骤计划转化为完整的作品。乔治.R.R.马丁说过:有两种作家，一种像建筑师，蓝图明确、一砖一瓦、按部就班；一种像园丁，把灵感种进地里，浇水施肥，等待人物与故事自由生长。世界上很少有纯粹的建筑师或园丁，大部分是两者的混合，只不过比例不同。对于我来说，短篇小说更倾向于园丁，而长篇小说则偏向于建筑师，我直觉认为充分调动潜意识的写作模式比理性写作更为高级，比如做梦就是一种最高级的创作。但无论哪种，我都需要通过回答一系列的问题来完成作品。1、这个故事的核心是什么？可以是一个词、一个意象、一种情感或者某种价值观。2、 故事发生在一个什么样的世界（或者什么样的环境）？可以从 PEST（政治-经济-社会-技术）进行构建。切记：世界设定要能最大限度地表达故事核心。3、 这是一个什么样的故事？篇幅？视角？风格？节奏？风格往往被忽视，但往往决定了一个故事是否成功。如果你想的是写一个刘慈欣风格的小说，但其实更适合以韩松的方式叙述，就会有问题。小心前后风格不一致。4、 故事主角是一个什么样的人（或生物）？外观、喜好、习惯性动作或口头禅、信念、梦想、特殊才能、弱点、秘密与谎言？人物在故事进行过程中是否产生变化？他的伙伴、导师、敌人都是谁？人物小传是非常好的 checklist。5、 开头与结尾？有趣的是一般在写作之处我就确定了结尾的句子，而且一般不会有大的变化，所以创作就是寻找从开头到结尾中间经历的过程。6、 什么样的力量驱使人物从开头走向结尾？外在危机或内在动机？所有的情节都是由不同场景中的事件序列组成，而在每一个事件中都需要人物去作出体现其价值观的选择，因此小心设置每一个场景，让它与你的故事主题紧密相关，同时在整个世界观设定中具有不可替代性。可参考《千面英雄》中「英雄之旅」的12个环节（但小心陷入模式化）。7、 人物在情节中的对话及动作是否符合设置本身？每一个转变的推动力是否明晰及足够有力？相应角色是否产生合理的互动和反馈？可以参考一种名为LARP的方法，也就是Live-Action，Role Playing，将自己及同伴套入角色进行扮演，朗读对白，看是否感觉别扭。因为人类大脑对于语音、表情、姿态展现出来的丰富信息，要远远敏感于对文字信息的识别。8、 这个故事是否存在被更好讲述的方式？修改！反复修改！从整体立意、结构、逻辑顺序、角色设置、具体段落编排、字词选择，乃至于标点，都需要一再拷问自己：这个故事是否存在被更好讲述的方式？一般来说，我都是主动要求编辑再给我宽限时间进行修改，哪怕已经交稿，只要有更好的想法，只要没有下印厂，都要改！改！改！9、 非常、非常小心地选择你的第一读者从他的反馈中得到进一步修改的有益建议。再选择适合此作品的媒介进行投稿。有鉴于当今出版业江河日下，文学编辑水平难堪，建议众群友从阅读量、审美品位、写作实践出发，寻找值得信赖的 writing peer 作为第一读者。比如建立类似开智群的写作互助小组也是不错的选择。只要你 follow 这九个问题，加以意志力，完成一篇作品应该是没有问题。你用什么工具写科幻的？记录灵感：随身笔记本，Evernote，微信收藏，Pocket。（目前没有发现能够线上线下一统江湖的工具。）写作软件：Markdown 或类似在线工具（我用的是 draftin ），Scrivener（类似纳博科夫的卡片功能）。硬件：Cherry机械键盘，一把好的椅子。BGM：根据需要的写作风格决定背景音乐。辅助品：我本质上抗拒一切成瘾物质，无论是烟酒咖啡或者含糖饮料，但发现有些时候葡萄酒可以帮助降低思维发散的活跃度，更容易进入「心流」状态。规律生活：写作本质上是体力活动，保证充足睡眠，规律的有氧运动，以及对意志力的锻炼（比如长跑）。找到最有利于创作的时间段与节奏，通过训练，缩短进入「心流」的缓冲时间。对新写作者有什么建议吗？希望大家要用作品说话，一篇完成的渣文胜过一万个烂在脑中的天才想法。通过作品的迭代进化来实现个人成长，好作品就像基因和 meme，会通过读者进行自我复制和传播，它将成为你生命的一部分，而且，最终帮助你实现不朽。- The End -  春季大课认知写作学即将启动，马上预约！,2017-02-25,星云奖得主陈楸帆：回答完这九个问题，写不出一篇科幻小说都难！,http://chuansong.me/n/1607143549530
21,小编的话：本文约  8000 字，阅读时间约 11 分钟。如何学习编程？你的做法可能是1）先买一堆书，2）上网搜别人如何学，3）制定计划，4）自已一个人慢慢学。然而，这样做违背认知科学原理，且失败概率极大。那么，如何科学学习编程？深谙认知科学的阳志平老师提出四条建议：1）注重内隐知识；2）将语言与逻辑分开，不断在头脑中进行逻辑预演；3）使用执行意图而非目标意图；4）成为一名认知学徒，教别人学习。具体执行，请看下文。PS:此文为阳老师开智学堂 Python 入门班二期开学典礼发言。大家好，欢迎各位同学参加开智学堂 Python 入门班的开学典礼。我是阳志平老师，我是一名黑客，我也是一名认知科学家，因此我喜欢将自己定义为心智黑客。黑客精神，尊重个性，捍卫自由，推崇创作。多年来，我一直在用自己的方式普及黑客文化，从 GitHub 到 Markdown，都留下了我的推广痕迹。当然，成为黑客，总是离不开掌握编程。在黑客文化领袖 Eric Steven Raymond 撰写的《如何成为一名黑客》手册中推荐的就是 Python 语言。因此，开智学堂成立伊始，开的第一门课是 Python 入门。如何学习编程？大家看过很多文章，有来自计算机科学的看法；也有来自教育学的看法。然而，认知科学作为研究人类心智工作机制的学科，对此有自己的独特建议，这就是我今天分享的主题。建议 1：为什么你是新手不是专家？第一个建议是关于新手与专家的建议。为什么你是新手而不是专家？作为编程新手，你与专家最大的区别在于对方掌握了大量内隐知识。什么是内隐知识？我们小时候学骑自行车，一旦学会，你长大成人，就可以在骑自行车的时候一心两用，这个时候就意味着骑自行车的技能已经变成你的一种内隐技能，不需要再调用你的大脑为它进行额外的付出。专家他的知识率与工作效率比一般人高很多，就是因为他掌握了在他的领域中大量的内隐知识，技能已经自动化。跟内隐知识相对应的是外显知识。由于你是第一次接触编程，你会了解到 Python 语言包含哪些知识点，你该如何背诵、拆解、调用这些知识点。这些是外显知识。关于内隐知识和外显知识，要特别提醒大家的是：专家他不仅仅是拥有了上述知识点，他同时拥有一整套行为规范。比如，专家级工程师明白怎么更好的跟别人进行沟通，怎样更好的表达他的需求，怎么去输出他的产品，这也是内隐知识中的一部分。那怎样从刚刚学习编程的新手，成为一名专家级的工程师？成为专家级工程师，有三个维度。哈佛认知科学家帕金斯一生研究智力，他发现，在任何领域，要想变得更聪明，你都得有神经智力，经验智力，反省智力。神经智力神经智力很好理解，假如你的记忆能力、数学运算能力或逻辑推理能力不行，那么你学编程可能比其他人要吃力一些。经验智力经验智力意味着是你在这领域，投入了很多的时间，通过十年以上的时间，很多技能已经慢慢被你变成内隐知识。反省智力以上两种智力都容易理解，大家容易忽略的是反省智力。绝大多数人不明白，专家和新手最大的区别是专家的反省智力更高：他的内隐知识比别人的效率更高，他的模式更清晰。举个学编程的例子，比如说接触到新的软件、新的编程语言和新的编程术语，绝大多数新手是先去搜索怎么学习该软件或编程语言，他会得到一堆网络链接，然后这位新手把这些文章看完，从大海中淘出对自己有用的一些可以复用的步骤。这是新手的学习习惯。但是专家级工程师的学习习惯和一般人不同。比如，他接触到了新的软件，他会率先查看官方的帮助文档，明白有什么样的知识点，使得这软件特殊，跟其他软件不一样，这样他的学习效果会高很多。并且专家级工程师具备较强的生态链分析能力，他学的不是 Python 与 Web 开发，而是掌握了 Python 的 Web 开发生态链；他学的不是 Python 与数据科学，而是掌握了 Python 的数据科学生态链。在接下来的三个月，你会接触到大量的这种专家级工程师才会采取的模式。开智学堂的 Python 课程设计，一上来就把各位同学扔在 GitHub 里面。这有什么样的好处？你接触到的是实际工作环境。你可以看到专家级工程师，他天天泡在 GitHub 里面，如何进行实际编程工作。 这样对你掌握编程的内隐知识，尤其是内隐知识中的行为规范知识部分，会帮助更大。建议 2：为什么学习编程，你会失败？第二个建议是如何提高学习编程的成功率。学习编程真的挺难的。很多人都尝试过多次学习编程，自学、报班，他仍然失败了。偶尔忽悠你二十一天学会编程的，一定没有帮你养成很好的编程习惯。这是为什么？编程也是一种语言。和大家在 0-3 岁的时候学习讲话，这两个学习过程是一样的。你得掌握各种各样的关键词，用关键词去描述各种各样的现象。但是编程语言不是用于跟身边的人进行交流，而是用于和计算机进行交流，所以，你要同时掌握逻辑。在人类大脑演化早期的狩猎-采集时代，只是往大脑中写入了人-人交流的进化模块，并不包括人-机交流模块。这么一来，大脑不得不同时处理语言与逻辑两件事情。而人的大脑不擅长同时处理两件事情，因为受制于我们先天的前额大脑皮层发育特点，大脑有明显的瓶颈，比如只能在短时间内记住不超过 9 个电话号码。金庸小说里边的周伯通左手画圆，右手画方，这是非常困难的操作。作为学习编程的新手，让你同时在电脑上处理语言，学习怎么用新的关键词去描述世界；处理逻辑；怎样处理各类需求的优先级别。你很难同时学会这些操作，这使得不少人学习编程走向失败。所以我建议新手一定要把语言和逻辑分别进行训练。一次只训练一件事情，比如你刚开始的时候可以只训练语言。把编程当成语言，像学英语一样，它有哪些常用的高频词汇；以及用什么样的语法才能把这高频的词汇串起来，在初步掌握语言规律后再去掌握逻辑规律，这样会帮助你学习编程。同时需要提醒的是，就像人类语言是用于人-人交互，编程是跟计算机发生交互的语言。大家想一下，在 0-3 岁的时候，你怎样像阳老师一样学会如此正确但大家又听不懂的湖南普通话呢？其实不是通过看书学习，而是通过跟他的爸爸妈妈学的。学习编程也一样，因此，你一定不能把所有时间花在看书上，一定要一上来就天天去写代码，学习跟计算机沟通。很多人学习编程有不好的习惯，他有可能先去网上把  Python 相关的书都买了，或者下载一堆如何学习 Python 的文档。这是错误的学习习惯。想象一下，在你是 0-3 岁的小孩时，你妈扔给你一堆湖南普通话的书，怎么像阳老师一样，把湖南普通话学好？这是学不好的。你要把书扔一边去，从学习编程的第一天开始，就是直接是练习如何像说话一样去写代码。学习语言，大家都有很多经验，从小时候学习语言中获取的经验；考四六级 GRE 托福获取到的经验，那么，我们如何提高编程所需要的逻辑能力呢？怎样进行逻辑训练，提高思维呢？大家都知道，这是开智学堂所有的课程极其鲜明的特色，比如说学编程、学写作，开智学堂不仅教大家学具体的技能，同时还在教各位同学如何思维。如何提高自己个人的逻辑思维能力？这里给大家的建议就是尽量先在自己的头脑当中进行预演。认知科学家丹尼特把人类的大脑分成四种机制。第一种是达尔文心智。假设你是荷尔蒙爆表的男生，你在不同国家看到美女，只要她的腰臀比符合进化心理学规律，你看到这些美女都会兴奋。又如你看到蛇都会害怕；看到红色会兴奋，这些大脑通过千千万万年演化习得的进化模块，对应人类大脑的这一部分工作机制，丹尼特将其命名为达尔文心智。第二种是斯金纳心智。假设你像斯金纳一样，发明了他著名的斯金纳箱子，不断地去训练老鼠。按照达尔文心智而言，老鼠看到猫就会害怕。但是训练中，如果当老鼠看到猫的时候就给它一些甜头，老鼠就会不断地去尝试，这种甜头就是刺激。从刺激到行为之间，既可以像巴甫洛夫一样，给予猫与老鼠之间的条件反射；也可以像斯金纳一样，赋予代币等操作。第三种是波普尔心智。第一种达尔文心智与第二种斯金纳心智是动物共有的。第三种波普尔心智和第四种格列高利心智则是人类独有的心智。波普尔是著名的科学哲学家，提出了很有名的理论，就是科学是通过可证伪才叫科学。波普尔心智意味着你在头脑中对一些事情提前进行测试，测试一般是动物做不到的。这就是人类最重要的能力——你可以对真实世界予以抽象，然后在头脑中进行测试与预演。优秀工程师无不具备较强的抽象、测试与预演能力。第四种是格列高利心智。这是人类更强的能力。第三种波普尔心智，你作为一名编程新手，在头脑中测试的一些假设，有可能是你个人的体悟；但是人类是人类社会，而不是孤独的独狼。因此，人类拥有一种超越波普尔心智的能力，我们可以借助社会文化与思想习俗测试一些假设。因此，丹尼特用英国认知科学家格列高利作为第四种心智的命名。比如，在前面我提到，很多编程新手碰到新的问题，往往不会去查官方帮助文档，而是去搜索，看博客，这是一种不好的学习习惯。但是人类拥有很强的格列高利心智。一些专家级工程师已经证明了哪些学习方法是正确的，哪些学习方法是低效的。借助于人类文化社会已经证明正确的假设，能够大幅度地改善你的学习效率。在接下来的三个月时间内，各位开智学堂的同学将天天泡在 GitHub 里边，全世界最厉害的程序员都在这里，我希望各位同学不断摸索，看看他们是怎么写档案的、他们有一些什么样好的习惯，这对大家学习效率会有很大提高。建议 3：为什么你实现不了目标？第三个建议是关于树立目标。报了开智学堂编程班，很多同学可能在自己的小本子上偷偷写上一句话：「我要在三个月内学会编程」。虽然说不是 21 天学会编程吧，但很多同学都以为三个月能学会编程。然而，一旦写了这个目标，绝大多数人最终的结果其实是学不会编程，完成不了这个目标，为什么呢？这是认知科学研究中很有意思的现象。因为人类大脑特别喜欢脑补，一旦把「我要在三个月内学会编程」这个目标写下来，你的大脑会怎么去处理？它会认为这事情已经完成了。就像「新年我要成为更牛的人，要去周游世界，我要XXX」，因为没有提出一些具体的指令，你的大脑会把这些目标扔到「完成区域」。在未来的三个月内，你的大脑不会有任何行动。这是很不好的制订目标的习惯。认知科学家格尔维茨（Peter Gollwitzer） 把「我要三个月内学会编程」这样制订目标的习惯称为「目标意图」。与目标意图相反的是「执行意图」。它是这样一种方式，采取的是如果…那么…的句式。就是说它把你更具体的指令下达给你的大脑。「如果每天晚上八点之前回到宿舍，我立即打开笔记本开始登录 GitHub 网站、提交自己的代码」，这是一种新的制定目标的方式：执行意图。这种方式有何不同？第一它包括时间因素：「晚上八点」；第二它包括地点因素：「回到宿舍」；第三它包括具体可操作的事情：「提交代码」。这样一来，你在上周给自己大脑布置了这样任务，然后很忙，把这个事抛在脑后，但是大家都很明白了，人类大脑喜欢脑补，到了下周晚上八点的时候，你的潜意识就会自动进行脑补，现在晚上八点了，我已经在宿舍了，这个时候我要干什么—— 写代码。认知科学家研究发现通过改变一种目标制订的方式，学习效率提高了三倍以上。格尔维茨的妻子，另一位心理学家 Gabriele Oettingen 则在执行意图基础上，结合心理对照，提出了 WOOP。这是任何一位开智学堂的学员入门第一课。接下来在具体的教学中大家会碰到大量的任务，我希望大家用执行意图的方式制订目标。建议 4：为什么你需要做个「挠痒痒的猴子」？第四个建议和人类社会结构相关。开智学堂非常有趣，几乎任何课程任何收费活动，男女比例非常均衡，从来都是 5:5 。我想，这可能跟我作为创始人的文艺黑客气质相关（笑）。这是开智学堂很特殊的现象。大家可以想一下，你为什么需要男朋友，女朋友？因为人是喜欢挠痒痒的猴子，这是人类社会进化的一个规律。最早人类怎样从猴子变成猴群？作为个体的猴子，相互挠痒痒，慢慢地从孤独个体变成猴群，这就是人类从远古时代已经形成的一种思维习惯和一种演化模式。当从 150 人的猴群演化成更大的猴族；当人类社会语言诞生，逐步演化出部落、村庄、城市与国家，这种猴子帮忙挠痒痒行为始终存在。只是语言诞生后，它逐步过渡为八卦。正是八卦才使得人类社会形成社区，它又演化成更容易传播的故事，帮助更多小部落链接在一起。比如说无论是西方社会还是东方社会，都会流传信息结构差不多的故事：西方有亚当夏娃；中国有女娲补天。人类社会这样的演化进程同样深深影响了我们的学习过程。因此，人类最早的学习是学徒制，知识就是八卦与故事。⼈类最早的学习是狩猎，部落中的年轻孩子跟随⽗母学习打猎，维持人类生存并促进发展。这种以学徒制为代表的学习方式步⼊⼯业时代之后逐步没落。然而，到了今天，技术⽣发的第⼆次教育革命中，我们需要重新回到学徒制，所谓认知学徒制。你怎样才能更好地学习？一定不是天天跟自己死磕。大家可以尝试一下。当你抓住自己的头发，你是打不死自己的，你下不了手。但是让你的小伙伴抓住你的头发，你会感觉到很痛苦。因为这个时候，你的伤害是来自于别人。同样的，你要提高学习效率也是一样的。安替老师在开智大会上做的演讲中的一句话，成了开智社群的共识：「借助社会结构让自己被动进步」。加入开智学堂，你跟数百个小伙伴一起战斗，不再是自己死磕！那么怎样更好地成为认知学徒？通过往期开智学堂的教学经验，我发现学得最好的同学是在社群中提问最积极的同学。往期还有个很有意思的现象，学得最好的同学，是参加线下活动最积极的。你一定要不断去提问，不断去跟同学互动。在线上的时候，听老师讲编程课，有很多东西听不懂，但是到了线下，老师给你打了个比喻或者同学给你展示了一下，你一下便懂了，这样一来，学习效率便很高。当然，开智学堂每门课程只有一位老师，加上四位助教，五位工作人员，面对数百位同学，很难做到面面俱到。这个时候，大家要明白另一个较新的认知科学研究。也就是，我们一般都知道，教别人怎样进行学习，能够提高自己的学习效率。但是大家不知道的是。认知科学家最新研究发现：「即使你只是在头脑中想象如何教别人，这时候你的学习效率也是自己学习效率的两三倍以上。」所以说我希望各位同学，未来踊跃提问，主动尝试解答自己或别人的提问，这样的话能够形成更好地学习氛围，更能帮助自己更好地学习。这就是最后我给大家小小的建议，希望各位同学，主动去做那一只帮帮人挠痒痒的猴子。小结注重内隐知识；将语言与逻辑分开，不断在头脑中进行逻辑预演；使用执行意图而非目标意图；成为一名认知学徒，教别人学习，在头脑中教六个月前的自己学习。这就是我给所有同学的四个建议！谢谢大家。——- Python 基础班三期即将开始啦 -——12 月下旬，开智学堂 Python 基础班三期开课，你将在此课程——掌握 Python 基础语法，明确 Python 新手到专家的进阶路线图；获得一个自主开发的 Python 项目，比如原创微信后台；能够自如地进行网络数据抓取，操作常见数据库；搭建个人学习网站，持续记录你的学习心得；认识一大群爱学习的互联网圈小伙伴；…… 戳原文，预约开智学堂学编程！,2016-12-14,阳志平：如何学习编程——来自认知科学的四个建议,http://chuansong.me/n/1296660449369
22,小编的话：筷子，你我每天都使用，虽然简单，却蕴含着古人深远的设计哲学。千百年来，时代不断进步，但筷子的形式却保留下来了，是更先进的餐具还没有发明出来吗？还是筷子本身就是最好餐具，更或者是筷子具有「可供性」？今天，小编请来具有多年用户体验设计经验的路意老师为你分析一下筷子里的设计理论。路意老师用户体验设计经验丰富，长期关注设计创新。曾在华为公司 8 年，担任华为 2012 实验室消费者 UCD 中心负责人。目前为产品创新设计工作室 Aura Marker Studio 创始人，旗下产品为创新手机写作应用：Zine。中国人吃饭，一双筷子就可以。它可以盛饭，可以夹菜，可以分餐，可以串串，也可以喝粥。筷子，从可供性上讲，比刀叉多出许多可能的功能，它提供了勺子，叉子，夹子，甚至有时是刀子的功能。可供性，就是物可以提供给人行为的可能性。它是生态心理学的奠基人詹姆斯·吉布森所发展出来的一个概念。生态心理学主要研究环境与人之间的相互影响和作用，它认为人们的心理感受与其所经历的环境有很大的关系，每个人的感受实质上是不同的。而可供性则是让人们关注物的属性在某个环境或者情景下的可能用途，而非物的特定属性所限定的单一用途。就拿筷子这个例子来看，由于它是两根细棍，就像人的两根手指的延长，因此平时它就可以代替手指，「抓取」常温食物，是一种餐具；而因为它可以承受高温高热，于是在油炸或者熬制汤品的时候，也可以用它来翻动食材，是一种烹饪工具；因为它坚硬而细长，在刚刚煮好的玉米出锅，很难用手拿着的时候，可以用一根筷子插在玉米棒里趁热食用，是一种临时辅助用具；甚至，筷子还可以用来开啤酒瓶盖，这是利用了它的坚硬和杠杆原理…筷子，可以是木质的，竹制的，金属的，塑料的，象牙的…它的功用并非受限于它的原本材质，而取决于它的坚硬、细长和可单可双的性质，以及在不同环境和情景下可能提供怎样的用途。可以说，中国的古人应该早已精通可供性，不然不会发明筷子这样一个具有极佳可供性的日常物品来。实际来看，可供性的确也更符合东方的思维。在东方哲学中，世界是有着密切联系并相互影响的，尤其是在佛教的观点中，人的内心与外界也是无时无刻相互影响着的。而可供性能够在产品设计中被愈发重视起来，也是因为日本设计师们，尤其是深泽直人的重视和普及。深泽直人从上世纪 90 年代后期开始，非常重视对人的行为与习惯进行观察和研究，以设计出被其称为「无意识设计」的产品，即让人们可以不假思索就能使用。他在自己所写的书中不止一次的提到可供性，可见它对其影响之深。从某种意义上说，少即是多，这个被大众都耳熟能详的设计理念，其实更应该是可供性理论的应用。或者说，一个很好的应用了可供性理论的设计，才应该被称为「少即是多」。筷子，是个典型的「少即是多」的设计。中餐只需要提供一双筷子，最多再加一个汤勺，而西餐则需要刀叉勺至少三样，可能讲究一些的还会多把不同用途的刀子。就餐时，西餐会摆满餐具…智能手机，则是另一个很好的可供性设计。它已经不再是一个电话了，还是游戏机，音乐/电影播放器，随身听，遥控器，电子阅读器，钱包……原来需要很多设备才可以满足的功能，现在通过它一个就可以完成了。当然，可供性这个理论实际上并没有被很多设计师所知晓和掌握，我想其原因大概是因为它很难有一种类似其他心理学理论，比如格式塔心理学那样能够有一些通用的原则性经验可以应用。可供性具有十分高的灵活度，它完全取决于设计师对环境、物、和人三者的洞察和理解。每个设计师由于经历的丰富程度和内生性知识的覆盖广度，而会有不同的体会和感受。比如，钥匙，在很多人看来，它就是开门开锁使用的。而它实际上在某些情况下可以作为平口起子拧螺丝，也可以作为刀子拆开塑料袋包装；如果它的重量是标准的，还可以作为一种配重；它甚至还可以被用来作为识别人的性格和职业，因为拥有钥匙的多少和钥匙佩带的方式，磨损程度都可以被用来大致判断一个人的生活特征。而这些，对于筷子而言则会是全然不同的结果。如果说设计是「Part Art，Part Science」，可供性，则是 Part Art 更多一些，尚缺少普及应用的工程化过程方法。这其中所存在的问题包括：如何分析环境、物、人三者的相互作用，是否存在一套可以广泛适应的分析方法？如何分析人的内在与外界之间的相互作用，并寻找出比较普适的规律？虽然说可供性在应用上还缺乏切实可行的工程化方法，现在主要还是靠设计师的个人觉悟。但是我们也应当看到，可供性的确是一个可以让人打开眼界，用更多可能的方式去看待事物，这是十分有利于创新的。在此，我想分享一下我个人对可供性在设计中应用原则的一些考察，也许可以有抛砖引玉之效果。让单一物品具有多种隐喻属性可供性这个主要内涵就是物可以提供给人行为的可能性。那么，一个「少即使多」的好设计，自然应该可以提供给人更多使用的可能。要确保这一点，那么就需要保障物具有较多的隐喻属性。隐喻，是一个事物可以与另一个事物或者行为被联想起来。以筷子为例，它虽然只是两根细棍，但是它所具有的隐喻属性相比刀叉多很多。比如，它一头细一头粗，这就是一个「针，钎子」的隐喻，可以用它来戳或者扎东西；它如果是方形的，那么它也可以很容易的形成一个简易的力臂隐喻，开启酒瓶就比较容易；它也可以单只使用，就像有了两个工具。而智能手机能够具有较多可供性的原因在于它附带了很多传感器，摄像头，麦克风，扬声器，GPS，三轴陀螺仪，加速度感应器……加上它通过一块屏幕而具备的可以根据任务而专门呈现的界面隐喻，使得它虽然从外观上十分简单，但是由于可动态变化的界面操作和功能组合，而让它有无数多的隐喻属性，从而具有更多的可供性。在一个核心上强化外延属性可能有人会说，如果要提高可供性，不是把所以的属性都添加进来就好？比如带有橡皮的铅笔，可以做轿车也可以做越野的城市 SUV……这的确是一种非常好的思路。就是在物所可以提供的核心功能上，增加它的外延属性。只是这种方式，可能在一些人看来它并不是可供性的范畴。因为它们所支持的其实是人们的同一种行为、比如带有橡皮的铅笔还是用在写字上，SUV 还是用在出行上，它们并没有提供超越它们核心的行为。但是，这种方式其实在产品设计中却是可以工程化的。我们在设计和开发一个产品时，都会对用户的任务进行分析，从而设计出能够让用户简单易用的产品。如果我们在设计的过程中，增加对这些核心任务所需具有的功能，还可以完成哪些其他相关的外延任务的话，实际上就可以提高产品的可供性。比如，微信的核心功能是即时通讯，人们可以用它来分享文字，图片，语音，链接信息，而后来又有了支付，文章阅读，甚至有地点分享，这些就让微信的可供性比起其他即时通讯应用大了很多。虽然设计界中经常提要专注，就连创业/投资圈都默认「一次只干一件事」是赢者的法门。所以，现在就出现了许许多多的应用，仅图片处理的应用会有几千个，日记笔记应用也是有几千个，它们大多数都是在某一个功能上做到了极致，但是你同样也会发现，可以容纳亿万用户的，其实它们的可供性是更大一些的。因此，从以上两个方面来看，可供性不仅是一个可以启发创新的方法，其实也是可以让一个产品能够拥有更多受众的潜在的理论。- The End -相关文章路意：我为什么翻译《深泽直人》《追时间的人》：信息过载时代的知识解决方案《创造力》：如何度过富有创造力的一生关注开智学堂，与聪明人一起学习！,2016-10-28,路意：如何学习创新？先看看筷子的设计,http://chuansong.me/n/1049319849754
23,人类追求美，如夸父追日，所以创造文明；人类天生好奇，如天神盗火，所以发明技术。因为「美与好奇」，人类精彩的故事自古流传在篝火边、星空下、山林中……这个精彩故事的主角都有一个共同的身份，那就是创造者。2016 年开智大会，金秋相见，四位创造者与你分享「美与好奇」的故事。开智大会，开智社群年度盛会。每一年，由四位创造者讲述自己的故事，共同创造更美好的世界。历年开智大会的年度主题命名皆是从人类美德中挑选两大美德，相辅相成，形成张力，串成故事。首届开智大会主题是「爱与智慧」，第二届开智大会主题是「美与好奇」。2016 年开智大会日程时间：2016 年 9 月 10 日主题：美与好奇主持：魏坤琳、李东朔嘉宾：安猪、陈楸帆、郝景芳、徐毅斐地址：77文创园，中国北京市东城区美术馆后街 77 号主持：魏坤琳 李东朔本次开智大会主持都是高颜值高智商的男神级人物，分别是《最强大脑》科学判官魏坤琳和优幕科技创始人李东朔创造者：安猪自 2004 年发起「多背一公斤」项目至今，安猪从事公益教育已经有 12 年。 12 年间，「一公斤盒子」一直迭代升级，而他「改变一下教育」的理想却一直没变。一公斤的盒子可承载多少教育创新之美？可注入多少教育探索之好奇？2016 开智大会，他为你娓娓道来。 创造者：陈楸帆2013年，刘慈欣称赞他的《荒潮》为「近未来科幻的巅峰之作」，而科幻对陈楸帆而言，仅是业余爱好，现在他对外身份更多是以惯性动作捕捉技术著称的诺亦腾虚拟现实设备公司副总裁。他进入代表未来的虚拟现实领域，是他对未来之美的执着？还是他对科幻的无限好奇？2016 开智大会，他为你说明真相。创造者：郝景芳入围第　74　届雨果奖后，郝景芳说「能入选雨果奖很惊喜」。是的，惊喜往往会造访探索「美与好奇」的人。她大学研究物理，工作研究经济，却可持续创作出高水准的科幻作品，如何诠释生活与科幻之美？如何用好奇驱动人生？2016 开智大会，她想告诉你答案。创造者：徐毅斐2011 年，徐毅斐离开创新工场，创办斑马骑士，随后推出儿童游戏《鲸鱼岛的冬天》，获苹果首页推荐；2014 年，他与故宫博物院合作推出《皇帝的一天》，获苹果首页推荐；2015 推出《斑马小镇》社区…… 五年过去，他对儿童教育越加痴迷，这种痴迷是对交互设计之美的渴求？还是他对儿童认知的好奇？2016 开智大会，他给你讲个故事。创造者作品集展离大脑越近的知识越靠谱，离金钱越近的知识越靠谱。本年开智大会晚宴期间，将增设「创造者作品集展」环节，展现开智社群同侪用作品改变世界的力量。本次集展作品共 12个，范围覆盖人工智能、虚拟现实、在线教育、大脑科技等领域，项目发起人在三分钟用最快速最炫酷的视频方式展现作品，一晚让你看个够。当晚更有资深投资人到场沟通。欢迎有志成为创造者的小伙伴来看看你的榜样，感受同侪压力，快速成长。,2016-09-05,美与好奇：第二届开智大会简介,http://chuansong.me/n/683338849542
24,"成功是试错的结果，是在试错过程中无数小技能的聚集于一身的产物；没有时间的累积，无法从错误中学习。理想是有代价的人们常说理想。理想是很宝贵的。尤其是当人们意识到自己的主要时间还是拿去赚钱以后，理想就尤其宝贵。这个意思是说，理想是昂贵的。理想是有成本的，而且成本很高，一般人负担不起。你有创业的理想吗？有。你知道创业成功需要什么吗？不知道。当你开始创业时，你会慢慢知道创业失败需要什么。避免这些失败的因素，你成功的概率也许大很多。「我希望我知道我在哪里会死，这样我可以决不去那儿」 （I wish I knew where I was going to die, and then I’d never go there. ——Charlie Munger）。创业的主要失败要素是穷。没有财富的积累，创业是很容易失败的。开始没有收入流的初创企业，很容易就撑不下去。大学生创业的失败几率应该是很高的，几个月之内可能就偃旗息鼓，因为要吃饭。即使那些参加工作若干年收入不错的人，创业失败的几率也不会低。他们往往有带来收入的工作，还要自己做点别的自己真正有热情的事。但是，没有钱就不能专注于做自己最擅长同时回报又最大的事。积累原始资本的时间，真的是很累人的，而且主要是重复，但又不得不做。如果父母和家庭能够支持，直接投入钱来让你做事，那当然是最好，你可以把主要的精力拿来做你想做的事，成功的概率大一点。但是，现在，你只能一步步来。你先要自己通过别的工作来积累原始资本。然后才能从事自己最愿意投入的工作。然后才期望有可能做成自己要做的事。想想从哈佛辍学的马克·扎克伯格，还有比尔·盖茨，他们能够自己单独出来做一些事，因为他们有很多资源。扎克伯格在10岁时（1995年左右）就有了自己的电脑，他的父母是牙医和心理医生。比尔·盖茨的父亲是律师，母亲是很多公司的董事，外公是银行家。不是每个人都能进入哈佛的，更不用说承担辍学的后果。但是，他们可以。与此相关的第二个失败因素是多线作战，无法专注。多数创业者为自己的生存所迫，还需要做些别的工作。你们为此而痛苦。十分痛苦。做成一件事一开始似乎只需要一个条件：专注。但是，要能专注，就是要1天10小时只做一件事。为此，你必须已经有稳定的收入或者资金投入，你不需要为自己的生存而担忧。但多数人做不到；尤其是有家有口以后，人的行为就会更为谨慎。人心中的爱人的理想，都是很理想的。但是，理想与空想不同：空想没有成本，理想却是有成本的。为了赢得理想的爱，女人需要打扮自己，这需要时间，要学习如何打扮，学会了以后还需要买衣服和化妆品，这需要钱，而赚钱，你需要时间，如果你的家庭没有那么多钱给你；为了赢得理想的爱，男人需要很有想法和知识，未来才能为自己的家庭提供稳定的收入，如果你的父母不能帮你提供的话，而想法和知识，不是聪明就能想到的，还也需要时间。无论男人女人，还需要修养，没有修养很容易受到诱惑。修养从哪里来？要读书。读书需要时间，读好书还要去好学校，有好同学在一起讨论，你努力才能考到好学校，你优秀你身边的人才会优秀。你努力，这意味着时间，你每天都要学习。你能够安心学习，你就不能整天去打工，打工是要时间的。你不去打工，意味着你的家庭能够支持你。如果你的家庭不能支持你，你要学得很好很深入很难。你需要学习很多东西，不只是教科书和考试要求的东西。而即使你做到了这些，还有运气的因素。理想的爱情是许多条件聚合在一起迸发出的璀璨火花。多数人的爱情是现实的，对，现实的，因为理想的爱情负担不起。即便负担得起，还有一个概率问题。除了读书，你还要见世面，多走多看。走到哪里，看到哪里。你不能只是常回家看看，你得到发达的城市去看，到一流的场合去看，这需要钱。赚钱需要时间。人们常说，时间就是金钱。我告诉你，金钱就是时间。金钱就是你的父母、你的祖祖辈辈为你积累的时间。你没有钱是吗？用自己的时间来换。看到别人香车宝马，你在这里日夜工作。你还不能埋怨；埋怨改变不了任何事。这不是政府的错。这不是学校的错。这不是专业的错。「这是我的错！这是我的错！」这也不是你的错。社会选择是这样的。这是社会的真相。这是人生的真相。你怨不得任何人，包括你自己。与你自己和解，与你的家庭在精神上和解。这个社会公平的地方在于，谁用了那么多时间，谁就积累那么多财富，得到那么多东西。这些时间可以由你的父母和祖辈来贡献，集中在你身上，你分享了他们的生命。对此，你除了感激，只能感激。如果他们没有为你积累，你就自己从头积累。从时间成本的维度去看知识、修养、历练，你会发现理想的爱情需要如此多的时间来达成，如果你毫无支援，那么其代价也许大到你难以承受。你自己独自积累了那么多的知识和修养，也见了世面，也越来越美丽或有魅力或者成熟，这时你已经多大了？你也许是在你变得优秀的时候，已经是年近而立，家人在催促，时间不等人，女人尤其焦急。基因如此压迫，你突然就选择了一个人，你的理想终于在一瞬间化为现实。时间累积是恒定的你想要创业成功吗？多数人你想到的是要有一个好的点子。好的点子从哪里来？聪明。世界上的那么多人那么聪明，为什么他们没有去创业？高估自己的聪明是不好的。人一定不要愚弄自己，而最容易愚弄的对象就是自己。（The first principle is that you must not fool yourself - and you are the easiest person to fool. ——Richard Feynman）。他们朝九晚五，没有时间去思考创业的点子。他们回家就休息。他们还经常变肥，因为他们压力大，他们吃饭不规律，他们为了情感的宣泄，跑到大排档，喝酒，喝酒，喝酒。你每个月收入7000元，刚够维持生活，什么时候去想好的点子？创业是闲人的事。大学生有闲，虽然创业艰难，不过可以试试，反正也没什么可失去的。创业还需要资源、信息。不处在公司的中高层位置上，怎么有资源？在前些年，如果英文不熟练，怎么有好的信息？学好英文能够到熟练的程度，或者爬到公司的中高层位置，都是要时间的。那时，已经是30岁了。然后，守住这个位置又要几年，然后小打小闹做些创业的事。但还是不专注，时间顾不过来。为什么不专注呢？因为离不开自己的工作，因为要从中获得收入。因为自己的父母和祖辈没有给自己积累那么多收入。或者，偶然做成了一些企业，后来卖掉了。为什么只能卖掉？不一定是能力不足，经验不够。要有时间才能把企业做大，而这个需要好几年都没有收入。谁来支持呢？风投。风险资本进的越早，拿走的股权就越多。于是慢慢就卖掉了。多数的创业，卖掉是最好的结局，否则只能煎熬。熬多久呢？结果如何呢？结果可能还是卖掉。（你也许很难想到，2006年，校内网以200万美元被千橡收购。不同的，扎克伯格到今天还保留着Facebook的25%左右的股权。其他因素不变，没有一个好的风投环境，初创企业很难在自己的掌控下走很远。）成功是试错的结果，是在试错过程中无数小技能的聚集于一身的产物；没有时间的累积，无法从错误中学习。犯一个错误要多久才能知道？一般人需要2-3个月。从错误中找出一条路来做成一件事，需要多少时间？要连续犯3-4个错误以后，你才能知道真的道路。你的父母和亲戚朋友，如果见过世面，他们的语重心长和忠告对你很有用，你不用走弯路。是的，你不用走弯路。请比较：一个想创业的青年，他的父母是企业家或社会精英，告诉他管理企业的技能和理解社会的方法。一个想创业的青年，他的父母一直是种地的农民，告诉他，孩子，你要正直。是的，正直很重要。但记住，企业家父母也告诉孩子要正直。他们还告诉了孩子其他的东西。似乎有一些不需要经过时间积累的成功。但是，不在时间中长期积累起来的金钱，所谓快钱，都会化为乌有。即便如此，为什么会有富不过三代的说法？是否因为均值回归？是不是富人的后代后来都是败家子？风水轮流转，到了时候穷人也翻身了？我的朋友，真相比这残酷多了！富人的后代也很优秀，他们做了很多事，他们把很多信息传播到更多的人，这些优势变成了社会的基本配置，这些优势就不再是优势。但凡是不具有这些特点的人都被淘汰。凡是有机会接触到这些信息的人才能生存。当然，多亏现代媒体和大学这样的知识传播的机构，更多普通子弟也能了解这些。于是，在现代社会，有时候一个穷出身的孩子也有机会打拼出来。但是，概率多大？少数的富人家庭出来的富人的绝对数，比多数穷人家庭里出来的富人的绝对数都要大很多。这说明什么？你的祖辈为你积的阴德，会直接影响到你的成功概率。如果他们没有为你积累，你要为你自己积累，你要为你将来的子女积累。你除了拼命学习，拼命工作，拼命挣钱，指望有一点新的财富和创造，别无选择。反思你的生活习惯和时间分配，想想你整天关注什么。也许多数时候，你还在为自己的情绪所困。困于自己的感受，对自己的小小感受特别在意。你成功的概率，是小的。非常非常小。一个人是否成功，看他服务的大众有多少。能够为更多的大众服务的人，一定仔细思考过了大众的需求，这需要理性、需要原则、需要分析方法。整天关注自己的小小感受，今天心情不好，事情不顺，感情不开心。你太关注这些，以为自己很细腻，对人生的体会很丰富。是的，在自己围墙之内的人生。你看了张爱玲自己也感伤。但是，张爱玲写出了自己，她如果不能控制自己的情绪绝对写不出自己的情绪。而你，以为你与她心有戚戚，然后很满足的听了「因为爱情」，很鄙视地鄙视了别人的爱情，洗洗睡了。明天，又是美好的一天。能够妥善处理现代社会生活的人，祖辈和父母一定已经做了很多思考或者自己是拼命在思考。如果不是这样，那么，你从农村或小城镇到了大学和大城市，什么也不懂。不知道如何去找工作，不知道哪怕去找一个地方实习，因为到处都是陌生人，因为自己不会做，因为你的父母没有给你这样一条建议，因为他们也没有在大城市生活，因为他们也不知道如何在这里生活。然后你就呆在寝室，玩着校内，想想高中暗恋的对象，上上课，考考试。很不幸，你没有尝试留学，因为你觉得出国与你无关，因为你不知道出国之后做什么，因为你的亲戚朋友和认识的人好像从来没有一个人出过国。更不幸的是，你连新东方的出国讲座都没有听过，你只是学大学规定的东西。由于没有很多信息，你衡量信息好坏的唯一标准是，身边多数的人都在做什么。于是你跟着做，你害怕做错。的确，对一个信息匮乏的人，做与身边的人不同的事当然容易错。由于大学毕业生太多找不到好工作，你于是考研了，然后找到了一份城市的白领工作，一个月的收入2000元，然后是3000元，然后是7000元，你很高兴；然后你结婚了，然后有了孩子，然后你的生命重心就转移到了孩子，为了奶粉，为了幼儿园，你开始送你的孩子去读各种周末班，你把希望寄托在他身；而你，就是这样了，你再也没有时间实现自己的什么梦想。你想实现梦想，你现在的工作也许就要放弃，你的房贷怎么办，你的车贷怎么办，你的孩子怎么办？你被锁定了，你在走向小白领的道路上，一步都没有走错。能够待下来是很多城市新移民的梦想，这个梦想对在大城市从头做起的他们来说，是昂贵的，随着社会财富的积累，这个梦想只会越来越昂贵。如果他们不想这么快被锁定，就拼命工作，拼命赚钱，拼命还房贷，希望自己能够稳定下来，等到那个时候，他们的年纪是多大？如果你的家庭没有给你提供，你还有社会。从社会了解知识和信息的主要方法是学习。学习吧！拼命的读优秀的商界精英、学界精英写的书、做的演讲吧！他们的知识就是他们与你分享的时间。有了这些知识，你可以把他们经过无数时间之后的提炼的技能和知识，作为你的时间积累的一部分。他们已有的生命帮助你积累时间。知识就是金钱，金钱就是时间知识就是时间。按照陈虎平的「成功的时间恒定」公理，你要在一个方面取得成功，其他条件不变，你总是需要固定的时间。格拉德威尔在《异类》一书里说，10000个小时；冯仑说，「伟大是熬出来的」；王石做好万科，用了10多年（1984-1998）。按照陈虎平的时间积累定律（大笑），你可以用自己的时间，你也可以用别人的时间，用别人的时间作为自己的积累，你就需要阅读，阅读，阅读，学习，学习，学习。最后的条件俞敏洪来自盛产举人和院士的江苏，他考北大考了三次，但他是北大毕业，他还留在北大教书。他的很多同学去了美国。他的知识和信息十分丰富。他热爱读书，他在拼命办学的时候还自学了很多关于营销、管理、社交、政治的知识。最重要的是，俞敏洪的儿子还有俞敏洪本人都是4岁才学会说话。乔布斯的生母是1950年代的研究生，他成长的家庭是正常工薪阶层。最重要的是，他在17岁这样的年龄就关心佛教；他的性格据说被认为是完美主义，甚至专制；他有时还会咆哮。我还有一个真相没有告诉你。我将不会告诉你这个真相了。相关文章推荐：一个青年人的奋斗 | 年度好文陈虎平：弱关系对青年人的重要意义深度练习与行为积累本文选自陈虎平《打破自我的标签》，点击「阅读原文」即可购买。",2016-04-25,成功的要素：时间的积累,http://chuansong.me/n/297403449633
25,"男人必须坚守「男性气概」？女人只能追求「女人味」？时代发展，双性化者似乎更具优势，一个人同时拥有男性化和女性化特质，在不同环境下也更为游刃有余。网剧《太子妃升职记》前段时间风靡一时，单凭主角在穿越后男心女体这一设定，恐怕就抓住了不少观众的心。有人说，女人若想过得好，最好走「内在男性化、外在女性化」路线。这种说法是猜测、臆断，还是真有道理？最早期的性别角色理论认为，男性化和女性化非此即彼，只有男性化特质强的男性和女性化特质强的女性，才是心理最健康的。后来有人提出了双性化模型，在此基础上，美国心理学家贝姆（Sandra Lipsitz Bem）于 1974 年制定了贝姆性别角色量表（Bem sex role inventory, BSRI）。其后不少研究者发现，双性化的个体自我感觉更好，心理症状更少，且适应能力也更强。21世纪初，根据双性化模型，中国学者也修订了中文的量表，得出了类似的结论。这一系列研究本身有很多耐人寻味的细节。为设计量表，贝姆需要选择一些词语，分别对应男性化特质和女性化特质。她首先确定了400个积极的的形容词，作为人格特质清单，一半带性别色彩，另一半不带。她随后找了100个斯坦福大学的本科生（男女各半）作评委，就这些词语的性别赞许性打分。最后经过统计，某个词如在男女评委那里都被判为对男性来说都更具赞许性，则该词入选男性化特质量表，比如进取、果断；女性特质亦然，比如温和、顺从。总体上，男性特质对应的是办事能力，女性特质则与关注他人更紧密相关。今天看来，这个量表在制定之初，似乎已经注定会得出某些结论。毕竟积极的心理特质多多亦善，不论这种特质被在世人看来偏男还是偏女。环境不同，要求人具备不同的能耐与特质，只有具备灵活性的人才能应对得宜。诸如「到什么地方，唱什么歌」，「心似猛虎，细嗅蔷薇」之类的说法，表达的也是相似的意义。作为太子妃，既要做温柔懂事的人妻，也要管理照顾好其他侍妾。在未穿越前，那个面对江氏整日嫉妒怨恨的张氏，实在不能胜任；穿越后，张鹏宽和的现代人作风，则得到太子的青睐。同理，在那些热门的霸道总裁剧中，男主必定要对女主极尽关怀体贴，才能得人心。现实生活里，尽管面临着与剧中截然不同的情境，人也要在不同时候展现不同的特质，比如工作时要有进取之心，下了班对孩子则应该多照顾关心，不能过于强势。过去，普通人所处的生活社会环境没有那么复杂，每个人承担的社会责任相对单一，一些特质可有可无。那时候，单一的性别角色理论很有市场。时过境迁，自 1960 年代开始，大量女性走入职场，女权主义运动兴起，双性化模型（强调男性化女性化特质双高）应时而生。时代越发展，一个人要经历的环境就越复杂，人内心所需要的「武装」就越多。再后来，Holt 和 Ellis 在 1998 年发表了一篇论文，大致重复了贝姆当年的操作，他们发现，虽然大多数原来的形容词仍然被评价为对男性（或对女性）来说更具赞许性，但是评分的差距显著缩小了。他们得出了性别角色观念可能正在被淡化的结论，并预测，20 年后（差不多也就是现在）再做类似研究，人们或许会发现贝姆性别角色量表不再有效。狭窄的自我概念会限制两性做出一些被社会认作是对方性别的刻板行为。而双性化的自我概念，则能让人在所谓的比较「男」的行为，或比较「女」的行为之间从容、自由地抉择。当然，这种自我概念依然会受到社会期待的影响。一项最新研究发现，给男性呈现词条（快速到他自己也意识不到），或者是「真男人关心他人」，或者是「娘男人关心他人」后，置身于前种词条之下高男性化的参与者显著增加了自己对一则悲剧故事主人公的关心和同情。一条根本没有注意到的信息就可以暂时改变人的行为，何况年深日久，每个人会遇到成千上万的信息，受到的影响更不可忽视。虽然非此即彼的性别角色模型已经过时，每个人自己的心里是否还有一道看不见的墙，阻止自己潜能的发挥，却不得而知。若认定一些特质不能为自己所有，或自己只能如何，实在可惜。所幸 Holt 和 Ellis 的研究有力证明了所谓的社会期待是会改变的。那些尚未被改变的社会期待，的确还是种限制，但就像过去一样，总会，也总要有人不断率先突破那道内心之中的墙，给自己，也给其他人更多的自由。相关文章推荐：阳志平：有趣男女为什么女孩在父亲缺失的家庭会更早熟？男女之间到底有没有纯洁的友谊",2016-03-16,雌雄共体：太子妃升职记背后的心理学,http://chuansong.me/n/2684543
26,"新的一年，身边越来越多的朋友开设了个人公众号，写作的好处无数：练习文笔、梳理知识、打造个人品牌、锻炼思维、当做一份特别的简历……开个公众号虽然容易，可坚持更新并不简单，如何快速写出文章，避免拖延，这是很多写作者们的老大难。下面这篇文章也许可以帮到你。启动：大脑热身如何快速成文，避免拖延？先用倒计时给自己一个约束，把写作时间限定在2个25分钟。给大脑热身的方法一般是【自言自语】，就一个关心的议题开始，这个议题或许是早就想写的文章；或许是原本不想写，有感而发。启动的线索并不重要，写着写着，文本会赶着你走。如果状态不好，刚开始写的时候启动很困难，可以用一个简单的方法——心算。比如三三得九，三九二十七，三个二十七是八十一……稍微计算一下，伴随大脑的认知负荷上来，大脑很快就热启动了。此阶段注意事项：使用心算等方式，启动大脑。写较容易的文章热身。在写很难很难的文章之前，先写简单的文章，这是一种较好的启动大脑，避免行为瘫痪的方式。比如，心智黑客十一篇对我来说，每篇文章都写得极其艰难，半年写不出一篇。所以，在写它之前，干脆使用心智工具箱这类较简单的小文章来攒素材。拿出计时工具，倒计时2个25分钟。刷屏：累积心得在移动互联网时代之前，很多写手都有一个自己的本子，用于记录一些心得；在移动互联网时代，这个本子被Evernote取代。你可以通过「一键发送至Evernote」这样的Chrome插件，将素材、灵感与资料，保存到Everernote里面。更粗鲁的做法就是，直接刷屏。作为使用社交媒体的礼仪，可以挑在夜间刷屏。如果你像我一样，有技术背景，还可以使用开源库，搭建一个「一个人的微博」这样的只是自己一个人使用的「外部记忆库」，用它来积累脑中不断闪过的那些灵感。此阶段注意事项：大量阅读、积累素材是写作的必经阶段。自认随着阅读量的提升，能够看见自己的成长。积累什么样的素材？观点、论据、作者联系观点与论据的巧妙方式、各类好的拟喻。【自言自语】是一个非常好的方法。世界上最聪明的人，身兼心理学家、管理学家、经济学家、政治学家、计算机科学家等多项头衔，虽然是政治学博士毕业，但是拿的是诺奖的经济学奖，顺便再拿个图灵奖，几十年过去了，还是计算机科学论文被引第一的西蒙。在阅读、写作与实验等多处，他都推荐了这种方式，比如，在阅读时，【自问自答】，多问几个为什么，能够更好明白作者的意思；在写作时，【自言自语】，能够提升语感；在实验时，使用【口语报告法】，是揭秘被试心理内部机制的重要实验方法。西蒙晚年，辞世之前的著作之一，即为《口语报告法》。清屏：整理成文将刷屏的一些微博删掉，整理成文。或者从自己的程序，一个人的微博中调取那些零散的素材。这种借助于外部记忆库的方式要强于纯粹从大脑内存中调用。整理成文的时候，尽可能使用Markdown语法。它是已逝的Aaron Swartz等人留给人类最好的礼物之一。有了它，我的写作热情与写作效率已经在近两年提高了两三倍。 写作总是少不了对文本排序、突出重点、链接外部资源、引用，恰巧Markdown在以上方面完全支持，所以你会越写越顺手，不会出现写作速度跟不上思维速度的问题。关于它的微妙之处，大家可以去搜索我的老文：Markdown写作浅谈理想的写作环境：git+github+markdown+jekyll此阶段注意事项：尽量不要复制内容。在倒计时约束下，写作的过程中，你会放弃去查找例子、补充参考文献与排版，一气呵成，将主要内容写完。那些剩余工作，可以在每天的「低效率时间」来做。一旦你新开很多窗口，很容易被不断冒出的新刺激抓住，走神与行为瘫痪。多使用「比如」、少使用「而」、「但是」、「则」。不少「类型文章」，重点是你的观点、证据、观点如何联系证据。有时候，写着写着，仅有观点，没有证据。此时，使用类似于""比如""这样的词汇，会提醒你为观点使用证据，不作无营养的情绪发泄。少使用「而」、「但是」、「则」是让文章更朴实与流畅。更多类似于词汇使用的规则可以参考相关书籍。书桌边常备巧克力。在写一些较难的文章时，大脑热量跟不上，此时此刻，来一块，美味极了。修剪：使用两大神器奥卡姆剃刀原则是高创造力人的必杀技。在修剪文章时，可以有意识地：遵循奥卡姆剃刀原则，采取修剪之刃与隐喻滤镜两大神器。具体例子参考《如何提高文章含金量》中提到的Paul Graham的文章，如以下一段：如果你想要清晰地思考，就必须远离人群。但是走得越远，你的处境就会越困难，收到的阻力也会越大。因为你没有迎合社会习俗，而是一步步地与它背道而驰。如果自己就是潮水的一部分 ，怎么能看见潮流的方向呢？你只能永远保持质疑，问自己，什么话是我不能说的？为什么？——Paul Graham不能说的话这段美文是如何删掉过多词汇，凸显观点？又是怎样使用潮水来比喻时代、个人发展与社会习俗？如何拟喻个人与群体的关系？最后又是如何给出清晰的行动建议？以《如何提高文章含金量》这篇文章为例，它本身就是一个使用奥卡姆剃刀的例子。该文最早来自在Ruby社区，与大家的闲聊。对照初稿与定稿，我们可以思考，我为什么放弃Ruby社区的例子以及涉及到Ruby社区价值观的一些地方？定稿为什么是三个小标题而不是最早的五个小标题？此阶段注意事项：在一切能使用奥卡姆剃刀的地方使用它删掉多余的副词、形容词、介词、与主题无关的内在价值观描述使用隐喻收尾：补充证据与完善参考文献使用Pandoc Markdown格式的写法是在文中使用：^1、[^2]，然后在文末使用。此阶段注意事项：证据最好来自多方面，正反上下左右前后。科技写作请参考前文如何学习科学：开放科学工具箱参考文献可使用bibdesk数据库等配合Markdown格式。写作的道与术中国近代以后落后于西方，很大程度，是我们的文化中充斥着大量不可言说的「道」。一旦探讨写作的具体技巧与指导性、应用性强的术，往往被讥笑。最后，写作的道始终掌握在那些文人手中，站在一个云端来俯视与鄙视那些在金线之下挣扎的百姓们。但是，真的有必要再使用白首穷经这类低效的写作学习方式吗？西方通过创意写作、分析性写作、有效商务写作、写作QA站点等课程走上了另一条不同的道路。比如，这是作者在2008年12月，对公司同事进行培训时，绘制的思维导图。我们可以发现，西方关于写作，有了非常多清晰而明确的规则。如，「情感指数的计算」、「短句与动宾结构的运用」、「计算句子的平均长度」、「FURY原则」、「游说矩阵」、「正式性指数」等大量中国传统文人瞧不起的术。小结多数时候，我们不是不热爱写作。而是被传统文人唬住了。写作不是文人的独有技能，它是什么？写作是更好的记忆，也是时间给大家的恩赐。当你老去，时间划过，你仍存在。相关豆列中国的作文训练让我们丧失表达欲望。你可以通过西式的创意写作课程补上这一课。恢复对写作的热情后，再从中国传统文化中汲取营养。「开智学堂写作课」书单：http://www.douban.com/doulist/39820236/「开始写作吧」书单：以西方的创意写作课程图书为主，中文美文为辅。http://www.douban.com/doulist/1269878/「译道技法」书单：http://www.douban.com/doulist/13967508/相关文章推荐纳博科夫的卡片 平克写作八原则21世纪聪明人的写作指南新技能get√：3步写出一篇地道的科幻小说脑洞大开的背后，从科幻小说写作到认知挑战阳志平安人心智科学总监开智学堂出品人yangzhiping.com回复心智 黑客 创作 读书有趣有志有颜的青年，尽在这里2016年开智学堂二期写作班将在春季开课，欢迎点击阅读原文报名预约。",2016-01-06,快速写作模式谈：这些写作技巧没有人告诉你,http://chuansong.me/n/2242600
27,小编的话：明明知道吸烟、酗酒和暴饮暴食不是好事，但却很难做出行动改变，还可以治吗？如何让我们的行动与理念更加一致？如何克服短视的人性弱点？全民热议环保当然是一件大好事，不过，当舆论热度退去后，大家一哄而散，而环境状况会不会仍没有太大的改善？环保观念渐入人心，但如果每一个人都做出保护环境的行动，则更显可贵。在观念和行动之间，存在亟需跨越的鸿沟。时间取向：想和做之间的鸿沟造成这一鸿沟的重要因素之一，就是我们的时间取向。时间取向（time perspective）是一个心理学概念，由斯坦福大学的心理学家菲利普·津巴多（Philip Zimbardo）提出。津巴多因20世纪70年代所做的斯坦福监狱实验而闻名于世，后担任过美国心理学会的主席，近二十年的研究则重点放在我们普通人的时间观念上。津巴多认为，时间取向就是我们对过去、现在和未来的不同态度。人们存在五种典型的时间取向，分别是：消极型过去取向积极型过去取向享乐主义现在取向决定论现在取向未来取向消极型过去取向的人常沉浸在过去的不幸中无法释怀，积极型过去取向的人总是怀念过去美好的事物，享乐主义现在取向的人信奉及时行乐，决定论现在取向的人认为命运已经注定自己无力改变，未来取向的人总是关注未来需达成的目标并付诸行动加以实现。时间取向如何影响生活有趣的是，心理学家发现，不同的心理取向对人们的日常行为影响很大，比如很多成瘾行为如吸烟、酗酒还有暴饮暴食等与享乐主义现在取向相关，而多种积极结果则与未来取向有关，如更高的动机水平、自我效能感和事业成就。我们对环保的态度和行为也与我们的时间取向有关。环境污染对人们的健康有很严重的影响，但通常需要较长的时间才能显现。身处污染环境的个体，虽然能够意识环保的重要性，但除非具有很强的未来导向，否则他还是会更关切此时此刻发生的、与当前利益紧密关联的事情，因而不易关注到绿色行动上。比如有人会为了一点点方便而不将垃圾分类投放，有人会仅仅出于炫耀，而开着新车在自家小区周围绕圈。这些行为反映了人们的时间冲突（time conflict），即在人们内心中短期利益和长期利益之间的冲突，在环保行为研究中，还有一种关键的冲突是社会冲突（social conflict），即指个人利益和集体利益的冲突。环境心理学研究者认为，两种冲突的结合构成了环保理念无法落实到行动的主要阻碍。天生短视的地球人怎么救要知道，从人的本性来讲，人天生就是短视的。在漫长的进化过程中，人类首要要解决的问题是快速地寻找食物和躲避天敌。人们更习惯对眼下具体可见、鲜活生动的事情做出反应。并且，当代中国社会流行的享乐主义、消费主义文化，都在诱导人们采纳一种过于看重眼前利益和当下享受的时间观。而对于未来，人们又有一种盲目乐观的认知偏差，人们总是认为，在未来自己总是比别人更幸运一些（比如因为环境污染而罹患癌症的一定是别人而不是自己）。于是在很多人的潜意识中，环境污染虽然可怕，但只要不是此时此地让「我」直接受害，「我」就可以将其扔在一边，转而去做短期受益的事情。另外根据心理学中的「解释水平理论（construal level theory）」，对心理距离越远的东西，我们更易形成抽象的概念，而不是具体的实施细节，我们会更关心「为什么」，而不是「怎么办」。就像环保议题，我们大多不会反对环保的重要性和意义，但是行动却往往缺位。这种缺位，正是我们人性固有弱点的体现。我想，让我们的行动与理念更加一致的方法，一方面在于改造我们的时间观，按照津巴多所说的，就是创造更加「平衡」的时间观，特别是把享乐主义、决定论的现在取向融入更多未来取向的成分，让我们更加认真、严肃地思考未来。另一方面，我们对环保的参与不再只是停留在理念传达的层面，而是对「怎么办」进行更加深入、全面、细致的讨论，把抽象的理念转换成具体、可行的行动导引。最后就是希望每一种环保行为带来的短期和长期的收益都能得到科学地估算，使其能被明确、可视和生动地展现出来，让人们的行动选择不仅仅是基于道德的理念，更是基于长期和短期利益、个人和社会利益的明智权衡之上。点击链接阅读相关文章：为什么时间管理让我们越来越累？人生选择，从思考最高目标开始时间管理？别番茄工作法了，来吃个三明治—开智微播第093篇原创作品—微信ID：openmindclub长按左侧二维码关注,2015-11-04,采铜：如何拯救天生短视的地球人？ | 开智专栏,http://chuansong.me/n/2242644
28,﻿导读『我错了，我真的错了，我从一开始就错了。我不应该嫁过来。如果我不嫁过来我的夫君就不会死；如果我的夫君不死，我也不会来到这个伤心的地方；如果我不来到这个伤心的地方，我也不会遇到你们；如果我不遇到你们，这件事也不会发生。』佟掌柜的果然是一生坎坷...慢着，她真的错了吗？本文首发于《财新周刊》2015年第12期。『开智微播』联手《财新周刊》，为菁英人群，奉上最好的心智专栏。1. 妄念『妄念』和『正念』本是佛家用语。简浅言之，不当起之念，即为妄念；当起之念，为正念。但对于我这样的佛外末学来说，立刻就会有个问题：『「当」 的标准是什么？怎么就算「当」 起，怎么就算「不当」 起？』因此，我一直不太能领会这两个概念。很奇妙的，后来我看到基督教的一段祷词，倒发现这两个词曲径通幽，可以很好地概括洋人的意思：上帝啊，请赐予我宁静，让我接受我不能改变的事情；请赐予我勇气，让我改变我能改变的事情；并请赐予我智慧，让我明辨这两者的区别。不接受你不能改变的事情，即是妄念。『为什么我生来穷苦？』『我真傻，当初竟然没有多买两套房。』『她竟然抛弃了我，这个贱人！』推而广之，对世事有了『应该』之念，就很可能是妄念。前面的这些念头，都是来自于一些假设：『我不应该生来穷苦』、『我不应该失去任何投资机会』、『她不应该抛弃我』。还有『别人应该对我好』、『我应该成功』、『我孩子应该比别人家的孩子强』……妄念一起，心中便无宁日。心理学有个 ABC 理论，其中 A 是外部事件（多指坏事，Adversity），B 是看法（Belief），C 是后果（Consequence）。该理论认为，一件事的后果，不是由这件事本身引起的，而是由我们对这件事的看法而引起的。换言之，不是 A -> C，而是 A -> B -> C。对同一件事情的不同看法，会造成不同的反应。因此，如果我们对一件事的看法是妄念，那自然会引起不好的后果，比如负面情绪或者错误行动。认为别人就应该对你好，难免怨恨；认为自己就应该成功，难免沮丧；认为别人不应该这么做，难免愤怒……2. 怯念相反，如果事有可为，却不敢去争取的，我给它取名叫『怯念』。没有勇气去改变你其实能改变的事情，也许可以获得心里的宁静，但却会错过很多机会。也许有人赞许这样的心态，但至少在我等俗人看来，是失去了人生的乐趣、甚至意义。根据 ABC 理论，怯念也会导致不好的后果。你不相信别人可以对你好，因此也不去向别人示好；你不相信自己能成功，因此一并免掉了努力；你不相信你能影响到别人，因此犬儒冷漠……3. 正念所以，当一件事情发生时，如何才能知道它是我们无法改变的，因此宁静地接受它，还是知道它是我们可以改变的，因此勇敢地去改变它，确实需要绝大的智慧。对事物产生正确的念头，是为『正念』。佛教徒为了『正念』，需要一生修炼。基督教徒敬畏于宁静与勇敢之难持，谦卑地祈祷上帝赐予智慧来分辨，似乎也高挂了『道可道非常道』的免战牌。我于两教都是景仰敬慕但一窍不通的门外汉，因此无知者无畏，建议可从心理学的『固定心态 vs 成长心态』入手，稍窥智慧之门径。妄念和怯念的共同点是什么？从表面上看，这两种观念截然相反，但其实，它们的本质是一样的，即相信事物是一成不变的。怯念固不必说，认为事物不可改变，因此没有勇气去追求更美好的生活。妄念表面上是要去改变一切，但其实理智的人都知道，很多事情是不可改变的，他们为什么执着地无法接受那些自己不能改变的事实呢？因为他们不是不能接受事实，而是不能接受自己对事实的解读。『我不应该生来穷苦』，是因为他把『生来穷苦』解读成『低人一等』或者『输在了起跑线上』；『她不应该抛弃我』，是因为他把她的离去解读成了世界末日；『我应该成功』，是因为他把成功解读成自己的人生价值。4. 固定心态 与 成长心态这些解读的根源，在于他们采取了一种僵化的心态来看世界，似乎一时穷苦，就一辈子穷苦，一时失恋，就一辈子失恋，一时失败，就一辈子失败。这就是心理学上所称的『固定心态』。与之相对的是『成长心态』。持这种心态的人，是用变化的眼光看世界。他们不纠缠于过去，而更多地着眼于未来。你的起点也许比别人低，但你的旅程可以一样的精彩。他们对世界充满期望，但当事情最终没能如愿时，他们也能宁静接受，因为未来仍然可以改变。幸运的是，科学研究站在他们这边。现代心理学研究表明：大脑是可塑的，智力和才能不是天生的，童年的影响并没有那么大。教给孩子『成长心态』，他们的成绩会比学『固定心态』的更好。持『成长心态』的夫妻，婚姻也比持『固定心态』的更甜蜜。好消息是，对于『固定心态』和『成长心态』，我们也可采用成长心态来看。也就是说，你随时可以放下自己的固定心态，开始学习成长心态（坏消息是，成长心态无法立地成佛，总是需要长期有意识的练习）。成长心态一起，妄念不再可怕，怯念自然消退，这离佛家的『正念』境界还很远，但我已经要为你合十庆贺了。开智专栏，国民启智 ❖—开智微播第041篇原创作品—特别申明：本文知识产权为 @开智微播 及/或 相关权利人专属所有或持有。欢迎在朋友圈分享，如需转载，请微信获得授权。同样欢迎提问或合作。赵昱鲲清华大学心理学系老师国际积极心理学协会成员美国《积极心理学日报》专栏作家译作：《持续的幸福》著作：《消极时代的积极人生》微博：@赵昱鲲加入开智如果你也爱读书爱分享爱创作 『开智社群』对外开放，唯一的门槛就是爱读书爱分享爱创作。欢迎符合条件的知识青年加入。日有寸进，看到多元化人生。在开智微播公众号回复关键词『解锁未来』，即可了解加入方式。点击『阅读原文』购买赵老师的大作！,2015-07-24,专栏｜赵昱鲲：学习成长心态,http://chuansong.me/n/2242704
